{
"type": "FeatureCollection",
"name": "partially_completely_burnt_2021_10_29",
"crs": { "type": "name", "properties": { "name": "urn:ogc:def:crs:OGC:1.3:CRS84" } },
"features": [
{ "type": "Feature", "properties": { "field_id": 1, "field_name": "complete_1", "field_category": "completely_burnt" }, "geometry": { "type": "MultiPolygon", "coordinates": [ [ [ [ 75.63513232300005, 31.173603668000055 ], [ 75.63511315900007, 31.174134924000043 ], [ 75.634452391000082, 31.174137642000062 ], [ 75.634437353000067, 31.173599634000027 ], [ 75.63513232300005, 31.173603668000055 ] ] ] ] } },
{ "type": "Feature", "properties": { "field_id": 2, "field_name": "complete_2", "field_category": "completely_burnt" }, "geometry": { "type": "MultiPolygon", "coordinates": [ [ [ [ 75.629934444000071, 31.18830493400003 ], [ 75.629950889000042, 31.188814953000076 ], [ 75.628873806000058, 31.188804345000051 ], [ 75.628874817000053, 31.188282554000068 ], [ 75.629934444000071, 31.18830493400003 ] ] ] ] } },
{ "type": "Feature", "properties": { "field_id": 3, "field_name": "complete_3", "field_category": "completely_burnt" }, "geometry": { "type": "MultiPolygon", "coordinates": [ [ [ [ 75.63657922200008, 31.181948618000035 ], [ 75.636595763000059, 31.181953262000036 ], [ 75.636593038000058, 31.181987598000035 ], [ 75.636603145000038, 31.182808949000048 ], [ 75.636216335000029, 31.182822126000076 ], [ 75.636220769000033, 31.181885889000057 ], [ 75.63657922200008, 31.181948618000035 ] ] ] ] } },
{ "type": "Feature", "properties": { "field_id": 4, "field_name": "complete_4", "field_category": "completely_burnt" }, "geometry": { "type": "MultiPolygon", "coordinates": [ [ [ [ 75.63738358300003, 31.183366136000075 ], [ 75.636629900000059, 31.183366217000071 ], [ 75.636627264000083, 31.182842329000039 ], [ 75.637397011000076, 31.182837135000057 ], [ 75.63738358300003, 31.183366136000075 ] ] ] ] } },
{ "type": "Feature", "properties": { "field_id": 5, "field_name": "complete_5", "field_category": "completely_burnt" }, "geometry": { "type": "MultiPolygon", "coordinates": [ [ [ [ 75.637318698000058, 31.182828029000063 ], [ 75.636615411000037, 31.182834329000059 ], [ 75.636624626000071, 31.182163593000041 ], [ 75.637309684000058, 31.182148006000034 ], [ 75.637318698000058, 31.182828029000063 ] ] ] ] } },
{ "type": "Feature", "properties": { "field_id": 6, "field_name": "complete_6", "field_category": "completely_burnt" }, "geometry": { "type": "MultiPolygon", "coordinates": [ [ [ [ 75.637318698000058, 31.182828029000063 ], [ 75.637328450000041, 31.182158346000051 ], [ 75.637974772000064, 31.182207831000028 ], [ 75.637999226000034, 31.182837297000049 ], [ 75.637318698000058, 31.182828029000063 ] ] ] ] } },
{ "type": "Feature", "properties": { "field_id": 7, "field_name": "complete_7", "field_category": "completely_burnt" }, "geometry": { "type": "MultiPolygon", "coordinates": [ [ [ [ 75.637313515000073, 31.182138050000049 ], [ 75.636618101000067, 31.182154796000077 ], [ 75.63661004800008, 31.181981361000055 ], [ 75.636608382000077, 31.18194550000004 ], [ 75.636591202000034, 31.181575485000053 ], [ 75.637298133000058, 31.181563655000048 ], [ 75.637313515000073, 31.182138050000049 ] ] ] ] } },
{ "type": "Feature", "properties": { "field_id": 8, "field_name": "complete_8", "field_category": "completely_burnt" }, "geometry": { "type": "MultiPolygon", "coordinates": [ [ [ [ 75.638008170000035, 31.181591914000023 ], [ 75.638019642000074, 31.181675904000031 ], [ 75.638332262000063, 31.181692929000064 ], [ 75.638315595000051, 31.182202305000033 ], [ 75.637338601000067, 31.182151941000029 ], [ 75.637313345000052, 31.181573067000045 ], [ 75.638008170000035, 31.181591914000023 ] ] ] ] } },
{ "type": "Feature", "properties": { "field_id": 9, "field_name": "complete_9", "field_category": "completely_burnt" }, "geometry": { "type": "MultiPolygon", "coordinates": [ [ [ [ 75.638299084000039, 31.182208504000073 ], [ 75.638319731000081, 31.182557784000039 ], [ 75.638663481000037, 31.18259174700006 ], [ 75.638678446000029, 31.182839125000044 ], [ 75.638005849000081, 31.182841524000025 ], [ 75.637990670000079, 31.182199227000069 ], [ 75.638299084000039, 31.182208504000073 ] ] ] ] } },
{ "type": "Feature", "properties": { "field_id": 10, "field_name": "complete_10", "field_category": "completely_burnt" }, "geometry": { "type": "MultiPolygon", "coordinates": [ [ [ [ 75.635862151000083, 31.173593941000036 ], [ 75.63584193500003, 31.174124920000054 ], [ 75.635143670000048, 31.174131556000077 ], [ 75.63515207100005, 31.17359164800007 ], [ 75.635862151000083, 31.173593941000036 ] ] ] ] } },
{ "type": "Feature", "properties": { "field_id": 11, "field_name": "complete_11", "field_category": "completely_burnt" }, "geometry": { "type": "MultiPolygon", "coordinates": [ [ [ [ 75.646490828000083, 31.187156452000067 ], [ 75.645790889000068, 31.187137484000061 ], [ 75.645812441000032, 31.18663228500003 ], [ 75.64649428000007, 31.186618638000027 ], [ 75.646490828000083, 31.187156452000067 ] ] ] ] } },
{ "type": "Feature", "properties": { "field_id": 12, "field_name": "complete_12", "field_category": "completely_burnt" }, "geometry": { "type": "MultiPolygon", "coordinates": [ [ [ [ 75.646959238000079, 31.186634553000033 ], [ 75.64709586400005, 31.186691236000058 ], [ 75.647166939000044, 31.187149407000049 ], [ 75.647172936000061, 31.187163949000023 ], [ 75.646507411000073, 31.187142140000049 ], [ 75.646503622000068, 31.186634538000078 ], [ 75.646959238000079, 31.186634553000033 ] ] ] ] } },
{ "type": "Feature", "properties": { "field_id": 13, "field_name": "complete_13", "field_category": "completely_burnt" }, "geometry": { "type": "MultiPolygon", "coordinates": [ [ [ [ 75.756484551000085, 31.369370599000035 ], [ 75.755811316000063, 31.36936601900004 ], [ 75.755811316000063, 31.36860568700007 ], [ 75.756489915000031, 31.368602252000073 ], [ 75.756484551000085, 31.369370599000035 ] ] ] ] } },
{ "type": "Feature", "properties": { "field_id": 14, "field_name": "complete_14", "field_category": "completely_burnt" }, "geometry": { "type": "MultiPolygon", "coordinates": [ [ [ [ 75.635208678000083, 31.189456866000057 ], [ 75.635167104000061, 31.189470633000042 ], [ 75.635149670000033, 31.189669109000079 ], [ 75.635100049000073, 31.189703527000063 ], [ 75.635065180000083, 31.189778578000073 ], [ 75.635057134000078, 31.189884125000049 ], [ 75.63505981600008, 31.190030974000024 ], [ 75.635058475000051, 31.190080584000043 ], [ 75.634542544000055, 31.190083538000067 ], [ 75.634531815000059, 31.189929806000066 ], [ 75.634703477000073, 31.189922922000051 ], [ 75.634708446000047, 31.189391472000068 ], [ 75.635215384000048, 31.189376558000049 ], [ 75.635208678000083, 31.189456866000057 ] ] ] ] } },
{ "type": "Feature", "properties": { "field_id": 15, "field_name": "complete_15", "field_category": "completely_burnt" }, "geometry": { "type": "MultiPolygon", "coordinates": [ [ [ [ 75.642264441000066, 31.18557355300004 ], [ 75.642259077000062, 31.186096724000038 ], [ 75.641905025000085, 31.18607836700005 ], [ 75.641867474000037, 31.185009076000028 ], [ 75.64223761900007, 31.184999897000068 ], [ 75.642264441000066, 31.18557355300004 ] ] ] ] } },
{ "type": "Feature", "properties": { "field_id": 16, "field_name": "complete_16", "field_category": "completely_burnt" }, "geometry": { "type": "MultiPolygon", "coordinates": [ [ [ [ 75.640314444000069, 31.186106531000064 ], [ 75.640312938000079, 31.186485486000038 ], [ 75.640154687000063, 31.186492370000053 ], [ 75.640157369000065, 31.186379935000048 ], [ 75.639555530000052, 31.18637459100006 ], [ 75.639552791000085, 31.186104691000025 ], [ 75.640314444000069, 31.186106531000064 ] ] ] ] } },
{ "type": "Feature", "properties": { "field_id": 17, "field_name": "complete_17", "field_category": "completely_burnt" }, "geometry": { "type": "MultiPolygon", "coordinates": [ [ [ [ 75.636612467000077, 31.183369296000023 ], [ 75.636002470000051, 31.183399291000057 ], [ 75.635909058000038, 31.183253268000044 ], [ 75.635914422000042, 31.182844815000067 ], [ 75.636241652000081, 31.18283563600005 ], [ 75.636608499000033, 31.182821699000044 ], [ 75.636612467000077, 31.183369296000023 ] ] ] ] } },
{ "type": "Feature", "properties": { "field_id": 18, "field_name": "complete_18", "field_category": "completely_burnt" }, "geometry": { "type": "MultiPolygon", "coordinates": [ [ [ [ 75.636547332000077, 31.172505470000033 ], [ 75.636528203000069, 31.173547980000023 ], [ 75.635930506000079, 31.17357332000006 ], [ 75.635876862000032, 31.173556136000059 ], [ 75.635876862000032, 31.17247793100006 ], [ 75.636547332000077, 31.172505470000033 ] ] ] ] } },
{ "type": "Feature", "properties": { "field_id": 19, "field_name": "complete_19", "field_category": "completely_burnt" }, "geometry": { "type": "MultiPolygon", "coordinates": [ [ [ [ 75.63827725200008, 31.17359977600006 ], [ 75.638293345000079, 31.174127603000045 ], [ 75.637282152000068, 31.17409777000006 ], [ 75.637387917000069, 31.173960389000058 ], [ 75.637479112000051, 31.173834169000031 ], [ 75.637524709000047, 31.173765322000065 ], [ 75.637556896000035, 31.173701065000046 ], [ 75.637591764000035, 31.173652872000048 ], [ 75.637576429000035, 31.173582381000074 ], [ 75.63827725200008, 31.17359977600006 ] ] ] ] } },
{ "type": "Feature", "properties": { "field_id": 20, "field_name": "complete_20", "field_category": "completely_burnt" }, "geometry": { "type": "MultiPolygon", "coordinates": [ [ [ [ 75.636561986000061, 31.173855097000057 ], [ 75.63585656500004, 31.173866571000076 ], [ 75.635878023000032, 31.173577413000032 ], [ 75.636567351000053, 31.173572823000029 ], [ 75.636561986000061, 31.173855097000057 ] ] ] ] } },
{ "type": "Feature", "properties": { "field_id": 21, "field_name": "complete_21", "field_category": "completely_burnt" }, "geometry": { "type": "MultiPolygon", "coordinates": [ [ [ [ 75.636872636000078, 31.166481973000032 ], [ 75.637145663000069, 31.166715540000041 ], [ 75.637483622000047, 31.167009309000036 ], [ 75.637065197000084, 31.167422420000037 ], [ 75.636652137000056, 31.167835529000058 ], [ 75.63631954300007, 31.167583074000049 ], [ 75.636110331000054, 31.167436190000046 ], [ 75.635983817000067, 31.167316343000039 ], [ 75.636872636000078, 31.166481973000032 ] ] ] ] } },
{ "type": "Feature", "properties": { "field_id": 22, "field_name": "complete_22", "field_category": "completely_burnt" }, "geometry": { "type": "MultiPolygon", "coordinates": [ [ [ [ 75.647948829000029, 31.194800131000079 ], [ 75.647940782000035, 31.195102991000056 ], [ 75.647372154000038, 31.195084636000047 ], [ 75.647213904000068, 31.194979094000075 ], [ 75.647219268000072, 31.194800131000079 ], [ 75.647948829000029, 31.194800131000079 ] ] ] ] } },
{ "type": "Feature", "properties": { "field_id": 23, "field_name": "complete_23", "field_category": "completely_burnt" }, "geometry": { "type": "MultiPolygon", "coordinates": [ [ [ [ 75.642801084000041, 31.185542665000071 ], [ 75.642275491000078, 31.18554808600004 ], [ 75.642251332000058, 31.185008916000072 ], [ 75.642765069000063, 31.184997636000048 ], [ 75.642801084000041, 31.185542665000071 ] ] ] ] } },
{ "type": "Feature", "properties": { "field_id": 24, "field_name": "complete_24", "field_category": "completely_burnt" }, "geometry": { "type": "MultiPolygon", "coordinates": [ [ [ [ 75.638417096000069, 31.17303402400006 ], [ 75.638416845000052, 31.173516608000057 ], [ 75.638375967000059, 31.173587068000074 ], [ 75.637579329000062, 31.173573205000025 ], [ 75.637616871000034, 31.173361488000069 ], [ 75.637723564000055, 31.173166885000057 ], [ 75.637854035000032, 31.173024589000079 ], [ 75.638417096000069, 31.17303402400006 ] ] ] ] } },
{ "type": "Feature", "properties": { "field_id": 25, "field_name": "complete_25", "field_category": "completely_burnt" }, "geometry": { "type": "MultiPolygon", "coordinates": [ [ [ [ 75.650712184000042, 31.190417222000065 ], [ 75.65071583100007, 31.190957762000039 ], [ 75.649804151000069, 31.190951734000066 ], [ 75.649803894000058, 31.190437886000041 ], [ 75.649803062000046, 31.190409501000033 ], [ 75.650712184000042, 31.190417222000065 ] ] ] ] } },
{ "type": "Feature", "properties": { "field_id": 26, "field_name": "complete_26", "field_category": "completely_burnt" }, "geometry": { "type": "MultiPolygon", "coordinates": [ [ [ [ 75.634526679000032, 31.190996764000033 ], [ 75.632420437000064, 31.191002398000023 ], [ 75.63240662000004, 31.190502264000031 ], [ 75.633114036000052, 31.190502264000031 ], [ 75.633116141000073, 31.190462641000067 ], [ 75.633810925000034, 31.190457238000079 ], [ 75.634520447000057, 31.190455436000036 ], [ 75.634526679000032, 31.190996764000033 ] ] ] ] } },
{ "type": "Feature", "properties": { "field_id": 27, "field_name": "complete_27", "field_category": "completely_burnt" }, "geometry": { "type": "MultiPolygon", "coordinates": [ [ [ [ 75.63449518200008, 31.189924120000057 ], [ 75.634518341000046, 31.190444630000059 ], [ 75.633817241000031, 31.190446432000044 ], [ 75.63381324900007, 31.189922128000035 ], [ 75.63449518200008, 31.189924120000057 ] ] ] ] } },
{ "type": "Feature", "properties": { "field_id": 28, "field_name": "complete_28", "field_category": "completely_burnt" }, "geometry": { "type": "MultiPolygon", "coordinates": [ [ [ [ 75.635562561000029, 31.166995684000028 ], [ 75.636458572000038, 31.166169565000075 ], [ 75.636854483000036, 31.166481590000046 ], [ 75.635975837000046, 31.167289876000041 ], [ 75.635562561000029, 31.166995684000028 ] ] ] ] } },
{ "type": "Feature", "properties": { "field_id": 29, "field_name": "complete_29", "field_category": "completely_burnt" }, "geometry": { "type": "MultiPolygon", "coordinates": [ [ [ [ 75.811423353000066, 31.312794309000026 ], [ 75.81142737600004, 31.313345420000076 ], [ 75.811184636000064, 31.313346567000053 ], [ 75.811155131000078, 31.312418499000046 ], [ 75.811388484000076, 31.312219136000067 ], [ 75.811423353000066, 31.312794309000026 ] ] ] ] } },
{ "type": "Feature", "properties": { "field_id": 30, "field_name": "complete_30", "field_category": "completely_burnt" }, "geometry": { "type": "MultiPolygon", "coordinates": [ [ [ [ 75.816023925000081, 31.318701886000042 ], [ 75.816013197000075, 31.318720217000077 ], [ 75.815495530000078, 31.318772919000025 ], [ 75.815441886000031, 31.318188615000054 ], [ 75.816023925000081, 31.318701886000042 ] ] ] ] } },
{ "type": "Feature", "properties": { "field_id": 31, "field_name": "complete_31", "field_category": "completely_burnt" }, "geometry": { "type": "MultiPolygon", "coordinates": [ [ [ [ 75.524132890000033, 31.43046384400003 ], [ 75.523689562000072, 31.430475290000061 ], [ 75.523414587000048, 31.430464546000053 ], [ 75.523423413000046, 31.429784540000071 ], [ 75.524146569000038, 31.429769071000067 ], [ 75.524132890000033, 31.43046384400003 ] ] ] ] } },
{ "type": "Feature", "properties": { "field_id": 32, "field_name": "complete_32", "field_category": "completely_burnt" }, "geometry": { "type": "MultiPolygon", "coordinates": [ [ [ [ 75.527666644000078, 31.430303466000055 ], [ 75.527280406000045, 31.430290711000055 ], [ 75.527285770000049, 31.429573868000034 ], [ 75.527655915000082, 31.429567902000031 ], [ 75.527666644000078, 31.430303466000055 ] ] ] ] } },
{ "type": "Feature", "properties": { "field_id": 33, "field_name": "complete_33", "field_category": "completely_burnt" }, "geometry": { "type": "MultiPolygon", "coordinates": [ [ [ [ 75.531880597000054, 31.429816788000039 ], [ 75.531873888000064, 31.430081705000077 ], [ 75.531016100000045, 31.430070434000072 ], [ 75.53139247200005, 31.429647154000065 ], [ 75.531880597000054, 31.429816788000039 ] ] ] ] } },
{ "type": "Feature", "properties": { "field_id": 34, "field_name": "complete_34", "field_category": "completely_burnt" }, "geometry": { "type": "MultiPolygon", "coordinates": [ [ [ [ 75.524077843000043, 31.430859922000025 ], [ 75.523638589000029, 31.430864617000054 ], [ 75.52363947200007, 31.430693559000076 ], [ 75.523638126000037, 31.430476432000034 ], [ 75.524082628000031, 31.430470118000073 ], [ 75.524077843000043, 31.430859922000025 ] ] ] ] } },
{ "type": "Feature", "properties": { "field_id": 35, "field_name": "complete_35", "field_category": "completely_burnt" }, "geometry": { "type": "MultiPolygon", "coordinates": [ [ [ [ 75.527649170000075, 31.430312663000052 ], [ 75.529411689000085, 31.430874300000028 ], [ 75.528874716000075, 31.43125414900004 ], [ 75.527702776000069, 31.430903816000068 ], [ 75.52759313200005, 31.430834282000035 ], [ 75.527277760000061, 31.430815606000067 ], [ 75.527278181000042, 31.430298968000045 ], [ 75.527649170000075, 31.430312663000052 ] ] ] ] } },
{ "type": "Feature", "properties": { "field_id": 36, "field_name": "complete_36", "field_category": "completely_burnt" }, "geometry": { "type": "MultiPolygon", "coordinates": [ [ [ [ 75.528030126000033, 31.432016907000047 ], [ 75.527492007000035, 31.431999812000072 ], [ 75.527500620000069, 31.431429490000028 ], [ 75.52767330000006, 31.431426948000023 ], [ 75.527691, 31.430906174000029 ], [ 75.528883437000047, 31.431263952000052 ], [ 75.528256526000064, 31.431699360000039 ], [ 75.528203323000071, 31.431694442000037 ], [ 75.528142245000083, 31.431686809000041 ], [ 75.528030126000033, 31.432016907000047 ] ] ] ] } },
{ "type": "Feature", "properties": { "field_id": 37, "field_name": "complete_37", "field_category": "completely_burnt" }, "geometry": { "type": "MultiPolygon", "coordinates": [ [ [ [ 75.53138713900006, 31.429644886000062 ], [ 75.531010458000083, 31.430066217000046 ], [ 75.530726884000046, 31.430078464000076 ], [ 75.530766597000081, 31.429914953000036 ], [ 75.530582475000074, 31.429804562000072 ], [ 75.530889150000064, 31.429475075000028 ], [ 75.53138713900006, 31.429644886000062 ] ] ] ] } },
{ "type": "Feature", "properties": { "field_id": 38, "field_name": "complete_38", "field_category": "completely_burnt" }, "geometry": { "type": "MultiPolygon", "coordinates": [ [ [ [ 75.522638283000049, 31.423086356000056 ], [ 75.52195155000004, 31.423103290000029 ], [ 75.521951319000038, 31.423205591000055 ], [ 75.521700724000084, 31.423209305000057 ], [ 75.521697687000085, 31.422754474000044 ], [ 75.522641422000049, 31.422715563000054 ], [ 75.522638283000049, 31.423086356000056 ] ] ] ] } },
{ "type": "Feature", "properties": { "field_id": 39, "field_name": "complete_39", "field_category": "completely_burnt" }, "geometry": { "type": "MultiPolygon", "coordinates": [ [ [ [ 75.518286083000078, 31.421322952000025 ], [ 75.517939443000046, 31.421336678000046 ], [ 75.517951158000074, 31.421029978000035 ], [ 75.518287002000079, 31.421008593000067 ], [ 75.518286083000078, 31.421322952000025 ] ] ] ] } },
{ "type": "Feature", "properties": { "field_id": 40, "field_name": "complete_40", "field_category": "completely_burnt" }, "geometry": { "type": "MultiPolygon", "coordinates": [ [ [ [ 75.521995614000048, 31.419665630000054 ], [ 75.521941772000048, 31.41980215500007 ], [ 75.521813490000056, 31.41993423200006 ], [ 75.520902220000039, 31.419994933000055 ], [ 75.520891763000066, 31.41953619700007 ], [ 75.521861298000033, 31.419472661000043 ], [ 75.521995614000048, 31.419665630000054 ] ] ] ] } },
{ "type": "Feature", "properties": { "field_id": 41, "field_name": "complete_41", "field_category": "completely_burnt" }, "geometry": { "type": "MultiPolygon", "coordinates": [ [ [ [ 75.555350149000049, 31.428995948000079 ], [ 75.555125457000031, 31.429010407000078 ], [ 75.555112144000077, 31.429243743000029 ], [ 75.553901903000053, 31.429274240000041 ], [ 75.55385824800004, 31.428375437000057 ], [ 75.553973220000046, 31.428322437000077 ], [ 75.554304191000028, 31.42805547100005 ], [ 75.554591421000055, 31.428288685000041 ], [ 75.555350149000049, 31.428995948000079 ] ] ] ] } },
{ "type": "Feature", "properties": { "field_id": 42, "field_name": "complete_42", "field_category": "completely_burnt" }, "geometry": { "type": "MultiPolygon", "coordinates": [ [ [ [ 75.818917871000053, 31.312801507000074 ], [ 75.818899601000055, 31.31245179900003 ], [ 75.819549179000035, 31.31243835500004 ], [ 75.819553471000063, 31.312798159000067 ], [ 75.818917871000053, 31.312801507000074 ] ] ] ] } },
{ "type": "Feature", "properties": { "field_id": 43, "field_name": "complete_43", "field_category": "completely_burnt" }, "geometry": { "type": "MultiPolygon", "coordinates": [ [ [ [ 75.638094254000066, 31.200449606000063 ], [ 75.638096758000074, 31.200590172000034 ], [ 75.636716656000033, 31.200631034000025 ], [ 75.636698509000041, 31.199772825000025 ], [ 75.637700246000065, 31.199739765000061 ], [ 75.638081388000046, 31.199727186000075 ], [ 75.638094254000066, 31.200449606000063 ] ] ] ] } },
{ "type": "Feature", "properties": { "field_id": 44, "field_name": "complete_44", "field_category": "completely_burnt" }, "geometry": { "type": "MultiPolygon", "coordinates": [ [ [ [ 75.63877883300006, 31.199735609000072 ], [ 75.638780266000083, 31.200279475000059 ], [ 75.63811228700007, 31.200276090000045 ], [ 75.63810243000006, 31.199732468000036 ], [ 75.63877883300006, 31.199735609000072 ] ] ] ] } },
{ "type": "Feature", "properties": { "field_id": 45, "field_name": "complete_45", "field_category": "completely_burnt" }, "geometry": { "type": "MultiPolygon", "coordinates": [ [ [ [ 75.637372476000053, 31.199173041000051 ], [ 75.637411682000049, 31.199173385000051 ], [ 75.637412132000065, 31.199231765000036 ], [ 75.637415940000039, 31.199725547000071 ], [ 75.636705137000035, 31.19975013800007 ], [ 75.636688847000073, 31.199167036000063 ], [ 75.637372476000053, 31.199173041000051 ] ] ] ] } },
{ "type": "Feature", "properties": { "field_id": 46, "field_name": "complete_46", "field_category": "completely_burnt" }, "geometry": { "type": "MultiPolygon", "coordinates": [ [ [ [ 75.641972663000047, 31.184212018000039 ], [ 75.642224791000046, 31.184335929000042 ], [ 75.642209320000063, 31.184731672000055 ], [ 75.641901902000029, 31.184691825000073 ], [ 75.641492570000082, 31.184650009000052 ], [ 75.641543510000076, 31.184078929000066 ], [ 75.641613247000066, 31.184035330000029 ], [ 75.641972663000047, 31.184212018000039 ] ] ] ] } },
{ "type": "Feature", "properties": { "field_id": 47, "field_name": "complete_47", "field_category": "completely_burnt" }, "geometry": { "type": "MultiPolygon", "coordinates": [ [ [ [ 75.637520106000068, 31.173159998000074 ], [ 75.637440923000042, 31.173357556000042 ], [ 75.637389434000056, 31.173554954000053 ], [ 75.636586185000056, 31.173555265000061 ], [ 75.636554430000047, 31.173045323000053 ], [ 75.637216276000061, 31.173058851000064 ], [ 75.637587618000055, 31.173057629000027 ], [ 75.637520106000068, 31.173159998000074 ] ] ] ] } },
{ "type": "Feature", "properties": { "field_id": 48, "field_name": "complete_48", "field_category": "completely_burnt" }, "geometry": { "type": "MultiPolygon", "coordinates": [ [ [ [ 75.639205452000056, 31.174135192000051 ], [ 75.63829081800003, 31.174167321000027 ], [ 75.638285454000084, 31.173600481000051 ], [ 75.63890772700006, 31.173609660000068 ], [ 75.639218863000053, 31.173607366000056 ], [ 75.639205452000056, 31.174135192000051 ] ] ] ] } },
{ "type": "Feature", "properties": { "field_id": 49, "field_name": "complete_49", "field_category": "completely_burnt" }, "geometry": { "type": "MultiPolygon", "coordinates": [ [ [ [ 75.637333161000072, 31.173736960000042 ], [ 75.636712748000036, 31.174662826000031 ], [ 75.63663659000008, 31.174683126000048 ], [ 75.636797523000041, 31.174139238000066 ], [ 75.636808252000037, 31.174040982000065 ], [ 75.636564171000032, 31.174031803000048 ], [ 75.636564454000052, 31.17360887500007 ], [ 75.637244638000084, 31.173632130000044 ], [ 75.637284277000049, 31.173710027000027 ], [ 75.63736185700003, 31.173701766000079 ], [ 75.637333161000072, 31.173736960000042 ] ] ] ] } },
{ "type": "Feature", "properties": { "field_id": 50, "field_name": "complete_50", "field_category": "completely_burnt" }, "geometry": { "type": "MultiPolygon", "coordinates": [ [ [ [ 75.634426961000031, 31.173411706000024 ], [ 75.63441778400005, 31.173572921000073 ], [ 75.633872589000077, 31.173572498000055 ], [ 75.633840402000033, 31.173535779000076 ], [ 75.634000379000042, 31.173392109000076 ], [ 75.634426961000031, 31.173411706000024 ] ] ] ] } },
{ "type": "Feature", "properties": { "field_id": 51, "field_name": "complete_51", "field_category": "completely_burnt" }, "geometry": { "type": "MultiPolygon", "coordinates": [ [ [ [ 75.645735260000038, 31.187156166000079 ], [ 75.645046011000034, 31.187158502000045 ], [ 75.645046192000052, 31.186622084000078 ], [ 75.645735285000058, 31.18662395900003 ], [ 75.645735260000038, 31.187156166000079 ] ] ] ] } },
{ "type": "Feature", "properties": { "field_id": 52, "field_name": "complete_52", "field_category": "completely_burnt" }, "geometry": { "type": "MultiPolygon", "coordinates": [ [ [ [ 75.64085407400006, 31.187201467000079 ], [ 75.640831809000076, 31.188017521000063 ], [ 75.640144122000038, 31.188025015000051 ], [ 75.640133659000071, 31.187204087000055 ], [ 75.64085407400006, 31.187201467000079 ] ] ] ] } },
{ "type": "Feature", "properties": { "field_id": 53, "field_name": "complete_53", "field_category": "completely_burnt" }, "geometry": { "type": "MultiPolygon", "coordinates": [ [ [ [ 75.641514932000064, 31.187979072000076 ], [ 75.640857021000045, 31.187974823000047 ], [ 75.640846115000045, 31.186828907000063 ], [ 75.641510903000039, 31.186824237000053 ], [ 75.641514932000064, 31.187979072000076 ] ] ] ] } },
{ "type": "Feature", "properties": { "field_id": 54, "field_name": "complete_54", "field_category": "completely_burnt" }, "geometry": { "type": "MultiPolygon", "coordinates": [ [ [ [ 75.641907796000055, 31.184697860000028 ], [ 75.641909536000071, 31.184806881000043 ], [ 75.641883646000053, 31.184855653000056 ], [ 75.641857070000071, 31.184911893000049 ], [ 75.641814350000061, 31.184960113000045 ], [ 75.641575024000076, 31.184968928000046 ], [ 75.641575182000054, 31.184665086000052 ], [ 75.641907796000055, 31.184697860000028 ] ] ] ] } },
{ "type": "Feature", "properties": { "field_id": 55, "field_name": "complete_55", "field_category": "completely_burnt" }, "geometry": { "type": "MultiPolygon", "coordinates": [ [ [ [ 75.645724452000081, 31.18749404600004 ], [ 75.64572320700006, 31.187952170000074 ], [ 75.645058045000042, 31.187959988000046 ], [ 75.645049429000039, 31.187491469000065 ], [ 75.645724452000081, 31.18749404600004 ] ] ] ] } },
{ "type": "Feature", "properties": { "field_id": 56, "field_name": "complete_56", "field_category": "completely_burnt" }, "geometry": { "type": "MultiPolygon", "coordinates": [ [ [ [ 75.820752815000048, 31.306925874000058 ], [ 75.820774663000066, 31.307898227000067 ], [ 75.820127848000084, 31.307918983000036 ], [ 75.820081837000032, 31.307271908000075 ], [ 75.820470113000056, 31.307232957000053 ], [ 75.820458207000058, 31.306932916000051 ], [ 75.820752815000048, 31.306925874000058 ] ] ] ] } },
{ "type": "Feature", "properties": { "field_id": 57, "field_name": "complete_57", "field_category": "completely_burnt" }, "geometry": { "type": "MultiPolygon", "coordinates": [ [ [ [ 75.818899295000051, 31.306656808000071 ], [ 75.818506056000047, 31.306678886000043 ], [ 75.818223379000074, 31.306680537000034 ], [ 75.818001489000039, 31.306678246000047 ], [ 75.817991554000059, 31.306398259000048 ], [ 75.818795999000031, 31.306376879000027 ], [ 75.818890309000039, 31.306366283000045 ], [ 75.818899295000051, 31.306656808000071 ] ] ] ] } },
{ "type": "Feature", "properties": { "field_id": 58, "field_name": "complete_58", "field_category": "completely_burnt" }, "geometry": { "type": "MultiPolygon", "coordinates": [ [ [ [ 75.761879733000058, 31.37591941900007 ], [ 75.761891152000032, 31.376158884000063 ], [ 75.761285416000078, 31.376167007000049 ], [ 75.761090955000043, 31.376163572000053 ], [ 75.760943434000069, 31.376152122000065 ], [ 75.760921976000077, 31.376129222000031 ], [ 75.760904184000083, 31.375918852000041 ], [ 75.761879733000058, 31.37591941900007 ] ] ] ] } },
{ "type": "Feature", "properties": { "field_id": 59, "field_name": "complete_59", "field_category": "completely_burnt" }, "geometry": { "type": "MultiPolygon", "coordinates": [ [ [ [ 75.761877826000045, 31.375320190000025 ], [ 75.761875833000033, 31.375505273000044 ], [ 75.761872620000076, 31.375536145000069 ], [ 75.761868796000044, 31.375692021000077 ], [ 75.760878330000082, 31.375681433000068 ], [ 75.760857537000049, 31.375291565000055 ], [ 75.761877826000045, 31.375320190000025 ] ] ] ] } },
{ "type": "Feature", "properties": { "field_id": 60, "field_name": "complete_60", "field_category": "completely_burnt" }, "geometry": { "type": "MultiPolygon", "coordinates": [ [ [ [ 75.761879202000046, 31.37591119700005 ], [ 75.76089378100005, 31.37591119700005 ], [ 75.760875325000029, 31.375699374000078 ], [ 75.761883212000043, 31.375697946000059 ], [ 75.761879202000046, 31.37591119700005 ] ] ] ] } },
{ "type": "Feature", "properties": { "field_id": 61, "field_name": "complete_61", "field_category": "completely_burnt" }, "geometry": { "type": "MultiPolygon", "coordinates": [ [ [ [ 75.756372931000044, 31.367334465000056 ], [ 75.756400638000059, 31.368014939000034 ], [ 75.755794948000073, 31.368020817000058 ], [ 75.75579797000006, 31.367732770000032 ], [ 75.75637561800005, 31.367332171000044 ], [ 75.756372931000044, 31.367334465000056 ] ] ] ] } },
{ "type": "Feature", "properties": { "field_id": 62, "field_name": "complete_62", "field_category": "completely_burnt" }, "geometry": { "type": "MultiPolygon", "coordinates": [ [ [ [ 75.848852663000059, 31.302194782000072 ], [ 75.848847514000056, 31.302270714000031 ], [ 75.848859064000067, 31.302364737000062 ], [ 75.848899940000081, 31.302465884000071 ], [ 75.848599364000052, 31.302628886000036 ], [ 75.848299907000069, 31.302767609000057 ], [ 75.848158198000078, 31.302848227000027 ], [ 75.848148586000036, 31.302662142000031 ], [ 75.848143222000033, 31.302459654000074 ], [ 75.848141225000063, 31.302204481000047 ], [ 75.848846436000031, 31.302169673000037 ], [ 75.848852663000059, 31.302194782000072 ] ] ] ] } },
{ "type": "Feature", "properties": { "field_id": 63, "field_name": "complete_63", "field_category": "completely_burnt" }, "geometry": { "type": "MultiPolygon", "coordinates": [ [ [ [ 75.84887202200008, 31.303112770000041 ], [ 75.848184901000081, 31.303117474000032 ], [ 75.848168583000074, 31.302884812000059 ], [ 75.848219854000035, 31.302866477000066 ], [ 75.84834868300004, 31.302807965000056 ], [ 75.848533364000048, 31.302711377000037 ], [ 75.848697258000072, 31.302631667000071 ], [ 75.848775656000043, 31.302582513000061 ], [ 75.848828017000073, 31.302559213000052 ], [ 75.848870764000083, 31.302535984000031 ], [ 75.84887202200008, 31.303112770000041 ] ] ] ] } },
{ "type": "Feature", "properties": { "field_id": 64, "field_name": "complete_64", "field_category": "completely_burnt" }, "geometry": { "type": "MultiPolygon", "coordinates": [ [ [ [ 75.84957852000008, 31.302101680000078 ], [ 75.849226987000065, 31.302268874000049 ], [ 75.848943103000067, 31.302430734000041 ], [ 75.848919411000054, 31.302354558000047 ], [ 75.848909319000029, 31.302274486000044 ], [ 75.848900636000053, 31.302205592000064 ], [ 75.848899016000075, 31.302185351000048 ], [ 75.848889907000057, 31.302071522000062 ], [ 75.849571188000084, 31.302042875000041 ], [ 75.84957852000008, 31.302101680000078 ] ] ] ] } },
{ "type": "Feature", "properties": { "field_id": 65, "field_name": "complete_65", "field_category": "completely_burnt" }, "geometry": { "type": "MultiPolygon", "coordinates": [ [ [ [ 75.833448058000045, 31.304916020000064 ], [ 75.83288807200006, 31.304771283000036 ], [ 75.832521401000065, 31.30479916400003 ], [ 75.832191494000028, 31.304817526000079 ], [ 75.832044678000045, 31.304841903000067 ], [ 75.83203930500008, 31.30469974500005 ], [ 75.832025894000083, 31.304397237000046 ], [ 75.832015686000034, 31.304233760000045 ], [ 75.83226729200004, 31.304224402000045 ], [ 75.832355344000064, 31.304218343000059 ], [ 75.832490437000047, 31.304198747000044 ], [ 75.832798025000045, 31.304186723000043 ], [ 75.83283504700006, 31.30418297500006 ], [ 75.832867154000041, 31.304182038000079 ], [ 75.832867035000049, 31.304265590000057 ], [ 75.832899363000081, 31.304282283000077 ], [ 75.83302420800004, 31.304273176000038 ], [ 75.833387662000064, 31.304260559000056 ], [ 75.83352852400003, 31.304249116000051 ], [ 75.833448058000045, 31.304916020000064 ] ] ] ] } },
{ "type": "Feature", "properties": { "field_id": 66, "field_name": "complete_66", "field_category": "completely_burnt" }, "geometry": { "type": "MultiPolygon", "coordinates": [ [ [ [ 75.829792732000044, 31.303669118000073 ], [ 75.82980819200003, 31.303793581000036 ], [ 75.829809515000079, 31.303867919000027 ], [ 75.829797492000068, 31.303901185000029 ], [ 75.82970888400007, 31.303908076000027 ], [ 75.829448691000039, 31.303947020000066 ], [ 75.82930252500006, 31.303963065000062 ], [ 75.829113491000044, 31.303978379000057 ], [ 75.829086701000051, 31.303943980000042 ], [ 75.829073295000057, 31.303803428000037 ], [ 75.829055865000043, 31.303656701000079 ], [ 75.829079283000056, 31.303578255000048 ], [ 75.829039781000063, 31.303505561000065 ], [ 75.82938837100005, 31.303460064000035 ], [ 75.829635142000029, 31.30344173800006 ], [ 75.829751866000038, 31.303438280000023 ], [ 75.829792732000044, 31.303669118000073 ] ] ] ] } },
{ "type": "Feature", "properties": { "field_id": 67, "field_name": "complete_67", "field_category": "completely_burnt" }, "geometry": { "type": "MultiPolygon", "coordinates": [ [ [ [ 75.812927160000072, 31.313126220000072 ], [ 75.813010069000029, 31.313137553000047 ], [ 75.812995361000048, 31.313583996000034 ], [ 75.812239574000046, 31.31361621700006 ], [ 75.81221811100005, 31.313120568000045 ], [ 75.812927160000072, 31.313126220000072 ] ] ] ] } },
{ "type": "Feature", "properties": { "field_id": 68, "field_name": "complete_68", "field_category": "completely_burnt" }, "geometry": { "type": "MultiPolygon", "coordinates": [ [ [ [ 75.812207065000052, 31.313120172000026 ], [ 75.812239132000059, 31.313610679000078 ], [ 75.811413063000032, 31.31362443900008 ], [ 75.811386716000072, 31.313099677000025 ], [ 75.812207065000052, 31.313120172000026 ] ] ] ] } },
{ "type": "Feature", "properties": { "field_id": 69, "field_name": "complete_69", "field_category": "completely_burnt" }, "geometry": { "type": "MultiPolygon", "coordinates": [ [ [ [ 75.818891257000075, 31.314005639000072 ], [ 75.818907605000049, 31.314592914000059 ], [ 75.81819975500008, 31.314576482000064 ], [ 75.818164175000049, 31.313992370000051 ], [ 75.818891257000075, 31.314005639000072 ] ] ] ] } },
{ "type": "Feature", "properties": { "field_id": 70, "field_name": "complete_70", "field_category": "completely_burnt" }, "geometry": { "type": "MultiPolygon", "coordinates": [ [ [ [ 75.818740609000031, 31.314601422000067 ], [ 75.818737672000054, 31.315003982000064 ], [ 75.818437570000071, 31.314990275000071 ], [ 75.818407498000056, 31.314969166000026 ], [ 75.818342148000056, 31.314945461000036 ], [ 75.818203352000069, 31.314895716000024 ], [ 75.818184168000073, 31.314596577000032 ], [ 75.818740609000031, 31.314601422000067 ] ] ] ] } },
{ "type": "Feature", "properties": { "field_id": 71, "field_name": "complete_71", "field_category": "completely_burnt" }, "geometry": { "type": "MultiPolygon", "coordinates": [ [ [ [ 75.820775643000047, 31.307897452000077 ], [ 75.820747861000029, 31.306944917000067 ], [ 75.82085105200008, 31.307004451000068 ], [ 75.821077279000065, 31.307032233000029 ], [ 75.821370977000072, 31.307028264000053 ], [ 75.821402728000066, 31.307881576000057 ], [ 75.820775643000047, 31.307897452000077 ] ] ] ] } },
{ "type": "Feature", "properties": { "field_id": 72, "field_name": "complete_72", "field_category": "completely_burnt" }, "geometry": { "type": "MultiPolygon", "coordinates": [ [ [ [ 75.645049134000033, 31.187480854000057 ], [ 75.645040855000047, 31.187169026000049 ], [ 75.645727979000071, 31.187163507000037 ], [ 75.645725219000042, 31.18748637300007 ], [ 75.645049134000033, 31.187480854000057 ] ] ] ] } },
{ "type": "Feature", "properties": { "field_id": 73, "field_name": "partial_1", "field_category": "partially_burnt" }, "geometry": { "type": "MultiPolygon", "coordinates": [ [ [ [ 75.761361504000035, 31.372263168000075 ], [ 75.760762978000059, 31.372273070000062 ], [ 75.760733375000029, 31.372022693000076 ], [ 75.761362011000074, 31.372002348000024 ], [ 75.761361504000035, 31.372263168000075 ] ] ] ] } },
{ "type": "Feature", "properties": { "field_id": 74, "field_name": "partial_2", "field_category": "partially_burnt" }, "geometry": { "type": "MultiPolygon", "coordinates": [ [ [ [ 75.761363832000029, 31.373432311000045 ], [ 75.760770219000051, 31.373442627000031 ], [ 75.760752250000053, 31.372277650000058 ], [ 75.761350634000053, 31.372249883000052 ], [ 75.761363832000029, 31.373432311000045 ] ] ] ] } },
{ "type": "Feature", "properties": { "field_id": 75, "field_name": "partial_3", "field_category": "partially_burnt" }, "geometry": { "type": "MultiPolygon", "coordinates": [ [ [ [ 75.760030168000071, 31.373459179000065 ], [ 75.759343522000052, 31.373459179000065 ], [ 75.759338158000048, 31.372428652000053 ], [ 75.760040896000078, 31.372424071000069 ], [ 75.760030168000071, 31.373459179000065 ] ] ] ] } },
{ "type": "Feature", "properties": { "field_id": 76, "field_name": "partial_4", "field_category": "partially_burnt" }, "geometry": { "type": "MultiPolygon", "coordinates": [ [ [ [ 75.760736984000062, 31.37321354900007 ], [ 75.760740953000038, 31.373307669000042 ], [ 75.760656980000078, 31.373372088000053 ], [ 75.760061862000043, 31.373341136000079 ], [ 75.760054129000082, 31.373064867000039 ], [ 75.760732984000072, 31.373087927000029 ], [ 75.760736984000062, 31.37321354900007 ] ] ] ] } },
{ "type": "Feature", "properties": { "field_id": 77, "field_name": "partial_5", "field_category": "partially_burnt" }, "geometry": { "type": "MultiPolygon", "coordinates": [ [ [ [ 75.754386434000082, 31.376150111000072 ], [ 75.754306418000056, 31.376172255000029 ], [ 75.753177272000073, 31.376185994000025 ], [ 75.753154019000078, 31.375934129000029 ], [ 75.753169676000084, 31.375564767000071 ], [ 75.753184399000077, 31.375477117000059 ], [ 75.753170388000058, 31.375424029000044 ], [ 75.753393346000053, 31.375439486000062 ], [ 75.753550591000078, 31.375442348000036 ], [ 75.753705153000055, 31.375461241000039 ], [ 75.754195997000068, 31.37547040100003 ], [ 75.754255033000049, 31.375466599000049 ], [ 75.754378387000031, 31.375463531000037 ], [ 75.754386434000082, 31.376150111000072 ] ] ] ] } },
{ "type": "Feature", "properties": { "field_id": 78, "field_name": "partial_6", "field_category": "partially_burnt" }, "geometry": { "type": "MultiPolygon", "coordinates": [ [ [ [ 75.639527478000048, 31.200233167000079 ], [ 75.638824739000029, 31.200233167000079 ], [ 75.63882742100003, 31.199716957000078 ], [ 75.639500656000052, 31.199714663000066 ], [ 75.639527478000048, 31.200233167000079 ] ] ] ] } },
{ "type": "Feature", "properties": { "field_id": 79, "field_name": "partial_7", "field_category": "partially_burnt" }, "geometry": { "type": "MultiPolygon", "coordinates": [ [ [ [ 75.639509979000081, 31.200477617000047 ], [ 75.63882084100004, 31.200462564000077 ], [ 75.638822119000054, 31.200239109000051 ], [ 75.639513347000047, 31.200241391000077 ], [ 75.639509979000081, 31.200477617000047 ] ] ] ] } },
{ "type": "Feature", "properties": { "field_id": 80, "field_name": "partial_8", "field_category": "partially_burnt" }, "geometry": { "type": "MultiPolygon", "coordinates": [ [ [ [ 75.639524804000075, 31.199690927000063 ], [ 75.638833844000033, 31.199696845000062 ], [ 75.638816769000073, 31.199411696000027 ], [ 75.639543056000036, 31.199389726000049 ], [ 75.639524804000075, 31.199690927000063 ] ] ] ] } },
{ "type": "Feature", "properties": { "field_id": 81, "field_name": "partial_9", "field_category": "partially_burnt" }, "geometry": { "type": "MultiPolygon", "coordinates": [ [ [ [ 75.628897689000041, 31.196555640000042 ], [ 75.628891397000075, 31.196937785000046 ], [ 75.628886960000045, 31.197207233000029 ], [ 75.628381939000064, 31.197218310000039 ], [ 75.628259323000066, 31.197220999000024 ], [ 75.628259323000066, 31.196551051000029 ], [ 75.628897689000041, 31.196555640000042 ] ] ] ] } },
{ "type": "Feature", "properties": { "field_id": 82, "field_name": "partial_10", "field_category": "partially_burnt" }, "geometry": { "type": "MultiPolygon", "coordinates": [ [ [ [ 75.628247545000079, 31.197028817000046 ], [ 75.628245401000072, 31.197293493000075 ], [ 75.628235124000071, 31.197930110000073 ], [ 75.627014485000075, 31.197945787000037 ], [ 75.626829846000078, 31.197940478000078 ], [ 75.626879619000078, 31.197021934000077 ], [ 75.628247545000079, 31.197028817000046 ] ] ] ] } },
{ "type": "Feature", "properties": { "field_id": 83, "field_name": "partial_11", "field_category": "partially_burnt" }, "geometry": { "type": "MultiPolygon", "coordinates": [ [ [ [ 75.627707240000063, 31.196692466000059 ], [ 75.627702273000068, 31.197006883000029 ], [ 75.626760818000037, 31.197013766000055 ], [ 75.626776911000036, 31.196504421000043 ], [ 75.627703795000059, 31.196497586000078 ], [ 75.627710320000062, 31.196497538000074 ], [ 75.627707240000063, 31.196692466000059 ] ] ] ] } },
{ "type": "Feature", "properties": { "field_id": 84, "field_name": "partial_12", "field_category": "partially_burnt" }, "geometry": { "type": "MultiPolygon", "coordinates": [ [ [ [ 75.62833192100004, 31.196536255000069 ], [ 75.628241397000068, 31.19654113100006 ], [ 75.628252126000064, 31.197011471000053 ], [ 75.627713002000064, 31.197018354000079 ], [ 75.627707240000063, 31.196692466000059 ], [ 75.627703795000059, 31.196497586000078 ], [ 75.627703616000076, 31.196487467000054 ], [ 75.627701205000051, 31.196351069000059 ], [ 75.628032844000074, 31.196316772000046 ], [ 75.628366837000044, 31.196314008000058 ], [ 75.62833192100004, 31.196536255000069 ] ] ] ] } },
{ "type": "Feature", "properties": { "field_id": 85, "field_name": "partial_13", "field_category": "partially_burnt" }, "geometry": { "type": "MultiPolygon", "coordinates": [ [ [ [ 75.627701205000051, 31.196351069000059 ], [ 75.627706624000041, 31.196487458000036 ], [ 75.627703616000076, 31.196487467000054 ], [ 75.626810607000039, 31.196490167000036 ], [ 75.626845631000037, 31.196298130000059 ], [ 75.627057107000041, 31.196300145000066 ], [ 75.627138112000068, 31.196035971000072 ], [ 75.627686722000078, 31.195986592000054 ], [ 75.627701205000051, 31.196351069000059 ] ] ] ] } },
{ "type": "Feature", "properties": { "field_id": 86, "field_name": "partial_14", "field_category": "partially_burnt" }, "geometry": { "type": "MultiPolygon", "coordinates": [ [ [ [ 75.634339840000052, 31.211188173000039 ], [ 75.634363980000046, 31.211683674000028 ], [ 75.633881183000085, 31.211688262000052 ], [ 75.633639784000081, 31.21117440900008 ], [ 75.634339840000052, 31.211188173000039 ] ] ] ] } },
{ "type": "Feature", "properties": { "field_id": 87, "field_name": "partial_15", "field_category": "partially_burnt" }, "geometry": { "type": "MultiPolygon", "coordinates": [ [ [ [ 75.63536676800004, 31.211682074000066 ], [ 75.634375058000046, 31.211671744000057 ], [ 75.634349863000068, 31.211185441000055 ], [ 75.635367995000081, 31.211153527000079 ], [ 75.63536676800004, 31.211682074000066 ] ] ] ] } },
{ "type": "Feature", "properties": { "field_id": 88, "field_name": "partial_16", "field_category": "partially_burnt" }, "geometry": { "type": "MultiPolygon", "coordinates": [ [ [ [ 75.63810641200007, 31.199713450000047 ], [ 75.637692419000075, 31.199725664000027 ], [ 75.637428061000037, 31.199733464000076 ], [ 75.637422117000085, 31.199246551000044 ], [ 75.637414489000037, 31.198621580000065 ], [ 75.638085587000035, 31.198610849000033 ], [ 75.63810641200007, 31.199713450000047 ] ] ] ] } },
{ "type": "Feature", "properties": { "field_id": 89, "field_name": "partial_17", "field_category": "partially_burnt" }, "geometry": { "type": "MultiPolygon", "coordinates": [ [ [ [ 75.638778072000036, 31.199715796000078 ], [ 75.638269894000075, 31.199709558000052 ], [ 75.638267234000068, 31.199618101000056 ], [ 75.638113096000041, 31.199586723000039 ], [ 75.638094797000065, 31.198474134000037 ], [ 75.638776903000064, 31.198454147000064 ], [ 75.638778072000036, 31.199715796000078 ] ] ] ] } },
{ "type": "Feature", "properties": { "field_id": 90, "field_name": "partial_18", "field_category": "partially_burnt" }, "geometry": { "type": "MultiPolygon", "coordinates": [ [ [ [ 75.590130842000065, 31.199875162000069 ], [ 75.589893353000036, 31.200266393000049 ], [ 75.58980103500005, 31.200405477000061 ], [ 75.588708771000029, 31.200432885000055 ], [ 75.588699518000055, 31.199908992000076 ], [ 75.588703276000047, 31.19988227500005 ], [ 75.589529396000046, 31.199868510000044 ], [ 75.590130842000065, 31.199875162000069 ] ] ] ] } },
{ "type": "Feature", "properties": { "field_id": 91, "field_name": "partial_19", "field_category": "partially_burnt" }, "geometry": { "type": "MultiPolygon", "coordinates": [ [ [ [ 75.589496040000029, 31.200957879000043 ], [ 75.588825708000059, 31.200975043000028 ], [ 75.588150392000045, 31.200665129000072 ], [ 75.588166629000057, 31.200445891000072 ], [ 75.589507348000041, 31.20044677900006 ], [ 75.589496040000029, 31.200957879000043 ] ] ] ] } },
{ "type": "Feature", "properties": { "field_id": 92, "field_name": "partial_20", "field_category": "partially_burnt" }, "geometry": { "type": "MultiPolygon", "coordinates": [ [ [ [ 75.589835491000031, 31.200430762000053 ], [ 75.589818168000079, 31.200948483000047 ], [ 75.589513741000076, 31.20095079500004 ], [ 75.58951903600007, 31.200443176000078 ], [ 75.589835491000031, 31.200430762000053 ] ] ] ] } },
{ "type": "Feature", "properties": { "field_id": 93, "field_name": "partial_21", "field_category": "partially_burnt" }, "geometry": { "type": "MultiPolygon", "coordinates": [ [ [ [ 75.58868767000007, 31.200426427000025 ], [ 75.588142860000062, 31.200434628000039 ], [ 75.588168042000063, 31.199912773000051 ], [ 75.588686042000063, 31.199886767000066 ], [ 75.58868767000007, 31.200426427000025 ] ] ] ] } },
{ "type": "Feature", "properties": { "field_id": 94, "field_name": "partial_22", "field_category": "partially_burnt" }, "geometry": { "type": "MultiPolygon", "coordinates": [ [ [ [ 75.634468825000056, 31.176736834000053 ], [ 75.634836288000031, 31.176888292000058 ], [ 75.634804101000043, 31.176925010000048 ], [ 75.634450049000066, 31.177131544000076 ], [ 75.63436958300008, 31.177129249000075 ], [ 75.634120138000071, 31.177074173000051 ], [ 75.634101362000081, 31.176993854000045 ], [ 75.634348126000077, 31.17673224400005 ], [ 75.634468825000056, 31.176736834000053 ] ] ] ] } },
{ "type": "Feature", "properties": { "field_id": 95, "field_name": "partial_23", "field_category": "partially_burnt" }, "geometry": { "type": "MultiPolygon", "coordinates": [ [ [ [ 75.634632440000075, 31.175779926000075 ], [ 75.634120138000071, 31.175786811000023 ], [ 75.633943112000054, 31.17577304200006 ], [ 75.633932383000058, 31.175224570000069 ], [ 75.634635122000077, 31.175217686000053 ], [ 75.634632440000075, 31.175779926000075 ] ] ] ] } },
{ "type": "Feature", "properties": { "field_id": 96, "field_name": "partial_24", "field_category": "partially_burnt" }, "geometry": { "type": "MultiPolygon", "coordinates": [ [ [ [ 75.639187955000068, 31.170857374000036 ], [ 75.63862535100003, 31.171955641000068 ], [ 75.637969923000071, 31.17196240800007 ], [ 75.637940419000074, 31.171535547000076 ], [ 75.637921644000073, 31.170841874000075 ], [ 75.639187955000068, 31.170857374000036 ] ] ] ] } },
{ "type": "Feature", "properties": { "field_id": 97, "field_name": "partial_25", "field_category": "partially_burnt" }, "geometry": { "type": "MultiPolygon", "coordinates": [ [ [ [ 75.639346528000033, 31.170561846000055 ], [ 75.639198707000048, 31.170802354000045 ], [ 75.638148493000074, 31.170808787000055 ], [ 75.63812435400007, 31.170774362000031 ], [ 75.638779782000029, 31.170313634000024 ], [ 75.639346528000033, 31.170561846000055 ] ] ] ] } },
{ "type": "Feature", "properties": { "field_id": 98, "field_name": "partial_26", "field_category": "partially_burnt" }, "geometry": { "type": "MultiPolygon", "coordinates": [ [ [ [ 75.632026999000061, 31.16654236100004 ], [ 75.632016909000072, 31.16705999900006 ], [ 75.631577397000058, 31.167061349000051 ], [ 75.631593491000046, 31.166538073000027 ], [ 75.632026999000061, 31.16654236100004 ] ] ] ] } },
{ "type": "Feature", "properties": { "field_id": 99, "field_name": "partial_27", "field_category": "partially_burnt" }, "geometry": { "type": "MultiPolygon", "coordinates": [ [ [ [ 75.632053598000084, 31.165446870000039 ], [ 75.632022644000074, 31.165991844000075 ], [ 75.63134672800004, 31.165987253000026 ], [ 75.631759423000062, 31.165438358000074 ], [ 75.632053598000084, 31.165446870000039 ] ] ] ] } },
{ "type": "Feature", "properties": { "field_id": 100, "field_name": "partial_28", "field_category": "partially_burnt" }, "geometry": { "type": "MultiPolygon", "coordinates": [ [ [ [ 75.634395899000083, 31.165432586000065 ], [ 75.633696343000054, 31.16543947100007 ], [ 75.633692382000049, 31.165162442000053 ], [ 75.634407267000029, 31.165153262000047 ], [ 75.634395899000083, 31.165432586000065 ] ] ] ] } },
{ "type": "Feature", "properties": { "field_id": 101, "field_name": "partial_29", "field_category": "partially_burnt" }, "geometry": { "type": "MultiPolygon", "coordinates": [ [ [ [ 75.633224184000085, 31.187195721000023 ], [ 75.63306861600006, 31.187200310000037 ], [ 75.632900397000071, 31.187191533000032 ], [ 75.63271826600004, 31.187185946000056 ], [ 75.632720704000064, 31.185938522000072 ], [ 75.633242534000033, 31.185936308000066 ], [ 75.633224184000085, 31.187195721000023 ] ] ] ] } },
{ "type": "Feature", "properties": { "field_id": 102, "field_name": "partial_30", "field_category": "partially_burnt" }, "geometry": { "type": "MultiPolygon", "coordinates": [ [ [ [ 75.654648825000038, 31.192587909000054 ], [ 75.654654190000031, 31.193143163000059 ], [ 75.655013606000068, 31.193170696000038 ], [ 75.655153080000048, 31.193386373000067 ], [ 75.655024334000075, 31.193666292000046 ], [ 75.65436451100004, 31.19367088100006 ], [ 75.654369875000043, 31.193133985000031 ], [ 75.65424112900007, 31.193115630000079 ], [ 75.654246494000063, 31.192587909000054 ], [ 75.654648825000038, 31.192587909000054 ] ] ] ] } },
{ "type": "Feature", "properties": { "field_id": 103, "field_name": "partial_31", "field_category": "partially_burnt" }, "geometry": { "type": "MultiPolygon", "coordinates": [ [ [ [ 75.657790059000035, 31.198295578000057 ], [ 75.657784695000032, 31.198566305000043 ], [ 75.657108778000065, 31.198552540000037 ], [ 75.657119507000061, 31.198281812000062 ], [ 75.657790059000035, 31.198295578000057 ] ] ] ] } },
{ "type": "Feature", "properties": { "field_id": 104, "field_name": "partial_32", "field_category": "partially_burnt" }, "geometry": { "type": "MultiPolygon", "coordinates": [ [ [ [ 75.647909659000049, 31.195141995000029 ], [ 75.647904526000048, 31.195480390000057 ], [ 75.647417751000035, 31.195141995000029 ], [ 75.647909659000049, 31.195141995000029 ] ] ] ] } },
{ "type": "Feature", "properties": { "field_id": 105, "field_name": "partial_33", "field_category": "partially_burnt" }, "geometry": { "type": "MultiPolygon", "coordinates": [ [ [ [ 75.644286862000058, 31.174633810000046 ], [ 75.644274661000054, 31.175203141000054 ], [ 75.643951375000029, 31.175192297000024 ], [ 75.643967468000085, 31.174627758000042 ], [ 75.644286862000058, 31.174633810000046 ] ] ] ] } },
{ "type": "Feature", "properties": { "field_id": 106, "field_name": "partial_34", "field_category": "partially_burnt" }, "geometry": { "type": "MultiPolygon", "coordinates": [ [ [ [ 75.639547392000054, 31.186376073000076 ], [ 75.63873432500003, 31.186365673000068 ], [ 75.638730017000057, 31.186111942000025 ], [ 75.63954437600006, 31.186108127000068 ], [ 75.639547392000054, 31.186376073000076 ] ] ] ] } },
{ "type": "Feature", "properties": { "field_id": 107, "field_name": "partial_35", "field_category": "partially_burnt" }, "geometry": { "type": "MultiPolygon", "coordinates": [ [ [ [ 75.638689272000079, 31.182847994000042 ], [ 75.638697961000048, 31.183647050000047 ], [ 75.638017665000064, 31.183656812000038 ], [ 75.63801071000006, 31.18337598200003 ], [ 75.637393996000071, 31.183365141000024 ], [ 75.637408279000056, 31.182839262000073 ], [ 75.638689272000079, 31.182847994000042 ] ] ] ] } },
{ "type": "Feature", "properties": { "field_id": 108, "field_name": "partial_36", "field_category": "partially_burnt" }, "geometry": { "type": "MultiPolygon", "coordinates": [ [ [ [ 75.63459064500006, 31.176531785000066 ], [ 75.63410093400006, 31.176333568000075 ], [ 75.634113747000072, 31.175791820000029 ], [ 75.63461419600003, 31.175789424000072 ], [ 75.63459064500006, 31.176531785000066 ] ] ] ] } },
{ "type": "Feature", "properties": { "field_id": 109, "field_name": "partial_37", "field_category": "partially_burnt" }, "geometry": { "type": "MultiPolygon", "coordinates": [ [ [ [ 75.637179674000038, 31.173025623000058 ], [ 75.636549866000053, 31.17302346300005 ], [ 75.636543299000039, 31.172577471000068 ], [ 75.637192008000056, 31.17257038300005 ], [ 75.637179674000038, 31.173025623000058 ] ] ] ] } },
{ "type": "Feature", "properties": { "field_id": 110, "field_name": "partial_38", "field_category": "partially_burnt" }, "geometry": { "type": "MultiPolygon", "coordinates": [ [ [ [ 75.632288798000047, 31.166546722000078 ], [ 75.632286847000046, 31.167056488000071 ], [ 75.632033357000068, 31.167054566000047 ], [ 75.632034979000082, 31.166542557000071 ], [ 75.632288798000047, 31.166546722000078 ] ] ] ] } },
{ "type": "Feature", "properties": { "field_id": 111, "field_name": "partial_39", "field_category": "partially_burnt" }, "geometry": { "type": "MultiPolygon", "coordinates": [ [ [ [ 75.646485735000056, 31.187173029000064 ], [ 75.646462261000067, 31.187830329000064 ], [ 75.646711740000057, 31.18789203800003 ], [ 75.646698004000029, 31.188234494000028 ], [ 75.645826559000056, 31.188238221000063 ], [ 75.645784825000078, 31.188126804000035 ], [ 75.645796683000071, 31.187153084000045 ], [ 75.646485735000056, 31.187173029000064 ] ] ] ] } },
{ "type": "Feature", "properties": { "field_id": 112, "field_name": "partial_40", "field_category": "partially_burnt" }, "geometry": { "type": "MultiPolygon", "coordinates": [ [ [ [ 75.654238218000046, 31.192042065000066 ], [ 75.654240270000059, 31.192554991000065 ], [ 75.65359952600005, 31.192548855000041 ], [ 75.653586093000058, 31.192039445000034 ], [ 75.654238218000046, 31.192042065000066 ] ] ] ] } },
{ "type": "Feature", "properties": { "field_id": 113, "field_name": "partial_41", "field_category": "partially_burnt" }, "geometry": { "type": "MultiPolygon", "coordinates": [ [ [ [ 75.623697648000075, 31.174737530000073 ], [ 75.623671003000084, 31.17526640400007 ], [ 75.623176304000083, 31.175268969000058 ], [ 75.623201077000033, 31.174737488000062 ], [ 75.623697648000075, 31.174737530000073 ] ] ] ] } },
{ "type": "Feature", "properties": { "field_id": 114, "field_name": "partial_42", "field_category": "partially_burnt" }, "geometry": { "type": "MultiPolygon", "coordinates": [ [ [ [ 75.631426826000052, 31.167511916000024 ], [ 75.631426826000052, 31.167080364000071 ], [ 75.631908831000032, 31.167099484000062 ], [ 75.631905639000081, 31.167509185000029 ], [ 75.631426826000052, 31.167511916000024 ] ] ] ] } },
{ "type": "Feature", "properties": { "field_id": 115, "field_name": "partial_43", "field_category": "partially_burnt" }, "geometry": { "type": "MultiPolygon", "coordinates": [ [ [ [ 75.631471702000056, 31.168689508000057 ], [ 75.63143235800004, 31.167522692000034 ], [ 75.631906456000081, 31.167520168000067 ], [ 75.631947086000082, 31.168709513000067 ], [ 75.631471702000056, 31.168689508000057 ] ] ] ] } },
{ "type": "Feature", "properties": { "field_id": 116, "field_name": "partial_44", "field_category": "partially_burnt" }, "geometry": { "type": "MultiPolygon", "coordinates": [ [ [ [ 75.632026938000081, 31.166520437000031 ], [ 75.632017362000056, 31.166006940000045 ], [ 75.632719621000035, 31.165982357000075 ], [ 75.632703660000061, 31.166531362000057 ], [ 75.632026938000081, 31.166520437000031 ] ] ] ] } },
{ "type": "Feature", "properties": { "field_id": 117, "field_name": "partial_45", "field_category": "partially_burnt" }, "geometry": { "type": "MultiPolygon", "coordinates": [ [ [ [ 75.632039706000057, 31.165987820000055 ], [ 75.63205885900004, 31.165466125000023 ], [ 75.632745157000045, 31.165447006000079 ], [ 75.632719621000035, 31.165968700000064 ], [ 75.632039706000057, 31.165987820000055 ] ] ] ] } },
{ "type": "Feature", "properties": { "field_id": 118, "field_name": "partial_46", "field_category": "partially_burnt" }, "geometry": { "type": "MultiPolygon", "coordinates": [ [ [ [ 75.632087588000047, 31.165447006000079 ], [ 75.632432333000054, 31.164999056000056 ], [ 75.633061174000034, 31.165427886000032 ], [ 75.632087588000047, 31.165447006000079 ] ] ] ] } },
{ "type": "Feature", "properties": { "field_id": 119, "field_name": "partial_47", "field_category": "partially_burnt" }, "geometry": { "type": "MultiPolygon", "coordinates": [ [ [ [ 75.64428582100004, 31.175111857000047 ], [ 75.644291163000048, 31.17485365400006 ], [ 75.644835975000035, 31.174835375000043 ], [ 75.644830633000083, 31.175130137000053 ], [ 75.64428582100004, 31.175111857000047 ] ] ] ] } },
{ "type": "Feature", "properties": { "field_id": 120, "field_name": "partial_48", "field_category": "partially_burnt" }, "geometry": { "type": "MultiPolygon", "coordinates": [ [ [ [ 75.64484765900005, 31.175196544000073 ], [ 75.64597433800003, 31.175189404000037 ], [ 75.646028586000057, 31.175957009000058 ], [ 75.645757348000075, 31.175967720000074 ], [ 75.645590433000052, 31.175899885000035 ], [ 75.645573741000078, 31.175757075000035 ], [ 75.644993710000051, 31.17573208400006 ], [ 75.644985364000036, 31.17541433100007 ], [ 75.644889388000081, 31.175389339000048 ], [ 75.64484765900005, 31.175196544000073 ] ] ] ] } },
{ "type": "Feature", "properties": { "field_id": 121, "field_name": "partial_49", "field_category": "partially_burnt" }, "geometry": { "type": "MultiPolygon", "coordinates": [ [ [ [ 75.635245316000066, 31.190863482000054 ], [ 75.635253198000044, 31.190381375000072 ], [ 75.635942884000031, 31.190394860000026 ], [ 75.635923178000041, 31.190870225000026 ], [ 75.635245316000066, 31.190863482000054 ] ] ] ] } },
{ "type": "Feature", "properties": { "field_id": 122, "field_name": "partial_50", "field_category": "partially_burnt" }, "geometry": { "type": "MultiPolygon", "coordinates": [ [ [ [ 75.839294606000067, 31.30676126700007 ], [ 75.83888422800004, 31.306753246000028 ], [ 75.838735365000048, 31.306757256000026 ], [ 75.838629418000039, 31.30675210000004 ], [ 75.838629418000039, 31.306516057000067 ], [ 75.838632100000041, 31.306390015000034 ], [ 75.838629418000039, 31.306236472000023 ], [ 75.838642829000037, 31.306046262000052 ], [ 75.838693791000082, 31.306041679000032 ], [ 75.838768893000065, 31.306039387000055 ], [ 75.838803761000065, 31.306050845000073 ], [ 75.83890032100004, 31.306092096000043 ], [ 75.839045160000069, 31.306110429000057 ], [ 75.839179271000035, 31.306105846000037 ], [ 75.839305334000073, 31.30609897100004 ], [ 75.839294606000067, 31.30676126700007 ] ] ] ] } },
{ "type": "Feature", "properties": { "field_id": 123, "field_name": "partial_51", "field_category": "partially_burnt" }, "geometry": { "type": "MultiPolygon", "coordinates": [ [ [ [ 75.839300984000033, 31.307297647000041 ], [ 75.839298596000049, 31.30747013000007 ], [ 75.839303960000052, 31.307592734000025 ], [ 75.839308799000037, 31.307729693000056 ], [ 75.839298070000041, 31.307836254000051 ], [ 75.838996788000031, 31.30784103700006 ], [ 75.83878221100008, 31.307843329000036 ], [ 75.838610377000066, 31.30784002300004 ], [ 75.838611718000038, 31.307613643000025 ], [ 75.838611718000038, 31.307356884000058 ], [ 75.838606354000035, 31.307297300000073 ], [ 75.839300984000033, 31.307297647000041 ] ] ] ] } },
{ "type": "Feature", "properties": { "field_id": 124, "field_name": "partial_52", "field_category": "partially_burnt" }, "geometry": { "type": "MultiPolygon", "coordinates": [ [ [ [ 75.829117268000061, 31.303540476000023 ], [ 75.829154819000053, 31.304014867000035 ], [ 75.828996569000083, 31.304035493000072 ], [ 75.828602284000056, 31.304065286000025 ], [ 75.828457445000083, 31.304074453000055 ], [ 75.828425258000038, 31.303948407000064 ], [ 75.828430623000031, 31.30358172800004 ], [ 75.829042166000079, 31.303540476000023 ], [ 75.829117268000061, 31.303540476000023 ] ] ] ] } },
{ "type": "Feature", "properties": { "field_id": 125, "field_name": "partial_53", "field_category": "partially_burnt" }, "geometry": { "type": "MultiPolygon", "coordinates": [ [ [ [ 75.830707846000053, 31.303336916000035 ], [ 75.830596380000031, 31.303348847000052 ], [ 75.830433709000033, 31.303343250000069 ], [ 75.830276172000083, 31.303401694000058 ], [ 75.829906107000056, 31.303445847000035 ], [ 75.829640568000059, 31.303488059000074 ], [ 75.829450131000044, 31.30349035100005 ], [ 75.828999520000082, 31.303540769000051 ], [ 75.828937197000073, 31.302872701000069 ], [ 75.829508587000078, 31.30283374000004 ], [ 75.829864688000043, 31.302814463000061 ], [ 75.830154607000054, 31.302786421000064 ], [ 75.830464559000063, 31.30278426600006 ], [ 75.83055978200008, 31.302798892000055 ], [ 75.830704532000084, 31.302903103000062 ], [ 75.830707846000053, 31.303336916000035 ] ] ] ] } },
{ "type": "Feature", "properties": { "field_id": 126, "field_name": "partial_54", "field_category": "partially_burnt" }, "geometry": { "type": "MultiPolygon", "coordinates": [ [ [ [ 75.834082411000054, 31.305595743000026 ], [ 75.83408981000008, 31.306132673000036 ], [ 75.833436984000059, 31.306128973000057 ], [ 75.833427769000082, 31.305602878000059 ], [ 75.833939034000082, 31.305591714000059 ], [ 75.834082411000054, 31.305595743000026 ] ] ] ] } },
{ "type": "Feature", "properties": { "field_id": 127, "field_name": "partial_55", "field_category": "partially_burnt" }, "geometry": { "type": "MultiPolygon", "coordinates": [ [ [ [ 75.833235496000043, 31.307224831000042 ], [ 75.83337608800008, 31.307273406000036 ], [ 75.833407602000079, 31.307712949000063 ], [ 75.833399082000085, 31.307797166000057 ], [ 75.83339139800006, 31.307823191000068 ], [ 75.83284173100003, 31.307829768000033 ], [ 75.832832523000036, 31.307486071000028 ], [ 75.832823674000053, 31.307219347000057 ], [ 75.833235496000043, 31.307224831000042 ] ] ] ] } },
{ "type": "Feature", "properties": { "field_id": 128, "field_name": "partial_56", "field_category": "partially_burnt" }, "geometry": { "type": "MultiPolygon", "coordinates": [ [ [ [ 75.821564360000082, 31.307000165000034 ], [ 75.821138319000056, 31.307006536000074 ], [ 75.820903178000037, 31.306971830000066 ], [ 75.820853548000059, 31.306957088000047 ], [ 75.820802322000077, 31.306930743000066 ], [ 75.820805901000028, 31.306536042000062 ], [ 75.821532425000044, 31.30653114200004 ], [ 75.821564360000082, 31.307000165000034 ] ] ] ] } },
{ "type": "Feature", "properties": { "field_id": 129, "field_name": "partial_57", "field_category": "partially_burnt" }, "geometry": { "type": "MultiPolygon", "coordinates": [ [ [ [ 75.816162819000056, 31.313530702000037 ], [ 75.816153707000069, 31.313548205000075 ], [ 75.816096260000052, 31.313546114000076 ], [ 75.81573901400003, 31.313567584000054 ], [ 75.815453379000076, 31.313574773000028 ], [ 75.814756928000065, 31.313597371000071 ], [ 75.814717993000045, 31.313289624000049 ], [ 75.816127701000084, 31.313232325000058 ], [ 75.816162819000056, 31.313530702000037 ] ] ] ] } },
{ "type": "Feature", "properties": { "field_id": 130, "field_name": "partial_58", "field_category": "partially_burnt" }, "geometry": { "type": "MultiPolygon", "coordinates": [ [ [ [ 75.814701113000069, 31.313312044000043 ], [ 75.814728682000066, 31.313539515000059 ], [ 75.814021658000058, 31.313582041000075 ], [ 75.813903757000048, 31.313586175000069 ], [ 75.81387396100007, 31.31358956300005 ], [ 75.813850217000038, 31.313574650000078 ], [ 75.813789517000032, 31.313555221000058 ], [ 75.813763803000029, 31.313454642000067 ], [ 75.813739429000066, 31.313368132000051 ], [ 75.814468745000056, 31.313336948000028 ], [ 75.814701113000069, 31.313312044000043 ] ] ] ] } },
{ "type": "Feature", "properties": { "field_id": 131, "field_name": "partial_59", "field_category": "partially_burnt" }, "geometry": { "type": "MultiPolygon", "coordinates": [ [ [ [ 75.814479141000049, 31.307777900000076 ], [ 75.814432887000066, 31.307816524000032 ], [ 75.814224368000055, 31.30778676400007 ], [ 75.814109259000077, 31.30715132000006 ], [ 75.814458470000034, 31.307146849000048 ], [ 75.814479141000049, 31.307777900000076 ] ] ] ] } },
{ "type": "Feature", "properties": { "field_id": 132, "field_name": "partial_60", "field_category": "partially_burnt" }, "geometry": { "type": "MultiPolygon", "coordinates": [ [ [ [ 75.756780116000073, 31.366993626000067 ], [ 75.756778882000049, 31.367022615000053 ], [ 75.756779096000059, 31.367062660000045 ], [ 75.756784193000044, 31.368015954000043 ], [ 75.756762735000052, 31.368574756000044 ], [ 75.756424777000063, 31.368565596000053 ], [ 75.756403319000071, 31.36804343600005 ], [ 75.756379385000059, 31.367314567000051 ], [ 75.756780548000052, 31.366983485000048 ], [ 75.756780116000073, 31.366993626000067 ] ] ] ] } },
{ "type": "Feature", "properties": { "field_id": 133, "field_name": "partial_61", "field_category": "partially_burnt" }, "geometry": { "type": "MultiPolygon", "coordinates": [ [ [ [ 75.75717774900005, 31.36721506400005 ], [ 75.757134834000055, 31.368016631000046 ], [ 75.75680224000007, 31.368002890000071 ], [ 75.756779096000059, 31.367062660000045 ], [ 75.756778127000075, 31.367023321000033 ], [ 75.756780116000073, 31.366993626000067 ], [ 75.756780994000053, 31.366980519000037 ], [ 75.757148245000053, 31.366676865000045 ], [ 75.75717774900005, 31.36721506400005 ] ] ] ] } },
{ "type": "Feature", "properties": { "field_id": 134, "field_name": "partial_62", "field_category": "partially_burnt" }, "geometry": { "type": "MultiPolygon", "coordinates": [ [ [ [ 75.757943931000057, 31.366590981000058 ], [ 75.758028009000043, 31.36709711900005 ], [ 75.757180431000052, 31.367204758000071 ], [ 75.757155329000057, 31.366648175000023 ], [ 75.757495074000076, 31.36638028200008 ], [ 75.757849126000053, 31.366084843000067 ], [ 75.757943931000057, 31.366590981000058 ] ] ] ] } },
{ "type": "Feature", "properties": { "field_id": 135, "field_name": "partial_63", "field_category": "partially_burnt" }, "geometry": { "type": "MultiPolygon", "coordinates": [ [ [ [ 75.752553366000029, 31.36471793100003 ], [ 75.75234415400007, 31.364721367000072 ], [ 75.752329401000054, 31.364857637000057 ], [ 75.752238206000072, 31.364855347000059 ], [ 75.752171151000084, 31.364837025000043 ], [ 75.752042405000054, 31.364748850000069 ], [ 75.751959257000067, 31.364693884000076 ], [ 75.75194579500004, 31.364570193000077 ], [ 75.752229691000082, 31.364569344000074 ], [ 75.752562805000082, 31.364570804000039 ], [ 75.752553366000029, 31.36471793100003 ] ] ] ] } },
{ "type": "Feature", "properties": { "field_id": 136, "field_name": "partial_64", "field_category": "partially_burnt" }, "geometry": { "type": "MultiPolygon", "coordinates": [ [ [ [ 75.757557389000056, 31.376739605000068 ], [ 75.75759580700003, 31.378062401000079 ], [ 75.756955871000059, 31.378093777000061 ], [ 75.756618775000049, 31.378110173000039 ], [ 75.756605229000058, 31.377361354000072 ], [ 75.756609590000039, 31.376773042000025 ], [ 75.756882664000045, 31.376771200000064 ], [ 75.757557389000056, 31.376739605000068 ] ] ] ] } },
{ "type": "Feature", "properties": { "field_id": 137, "field_name": "partial_65", "field_category": "partially_burnt" }, "geometry": { "type": "MultiPolygon", "coordinates": [ [ [ [ 75.756605830000069, 31.37811150400006 ], [ 75.756272409000076, 31.378150441000059 ], [ 75.755313735000072, 31.378190767000035 ], [ 75.755195248000064, 31.377543210000056 ], [ 75.755169624000075, 31.377427696000041 ], [ 75.755148761000044, 31.377297407000071 ], [ 75.756578053000055, 31.377256946000045 ], [ 75.756589345000066, 31.377429693000067 ], [ 75.756605830000069, 31.37811150400006 ] ] ] ] } },
{ "type": "Feature", "properties": { "field_id": 138, "field_name": "partial_66", "field_category": "partially_burnt" }, "geometry": { "type": "MultiPolygon", "coordinates": [ [ [ [ 75.822288626000045, 31.318219983000063 ], [ 75.822256439000057, 31.318260083000041 ], [ 75.822112941000057, 31.318462870000076 ], [ 75.821969443000057, 31.318693155000062 ], [ 75.821408685000051, 31.318478750000054 ], [ 75.820859999000049, 31.318246011000042 ], [ 75.821129911000071, 31.317751392000048 ], [ 75.822288626000045, 31.318219983000063 ] ] ] ] } },
{ "type": "Feature", "properties": { "field_id": 139, "field_name": "partial_67", "field_category": "partially_burnt" }, "geometry": { "type": "MultiPolygon", "coordinates": [ [ [ [ 75.822946473000059, 31.318494702000066 ], [ 75.822631652000041, 31.31893606400007 ], [ 75.821991715000081, 31.318698513000072 ], [ 75.822291092000057, 31.318221352000023 ], [ 75.822946473000059, 31.318494702000066 ] ] ] ] } },
{ "type": "Feature", "properties": { "field_id": 140, "field_name": "partial_68", "field_category": "partially_burnt" }, "geometry": { "type": "MultiPolygon", "coordinates": [ [ [ [ 75.823176992000072, 31.317145837000055 ], [ 75.82308043200004, 31.317581206000057 ], [ 75.822077286000081, 31.317423099000052 ], [ 75.822318685000084, 31.31669671800006 ], [ 75.823176992000072, 31.317145837000055 ] ] ] ] } },
{ "type": "Feature", "properties": { "field_id": 141, "field_name": "partial_69", "field_category": "partially_burnt" }, "geometry": { "type": "MultiPolygon", "coordinates": [ [ [ [ 75.823724213000048, 31.317444072000058 ], [ 75.82346876400004, 31.317800866000027 ], [ 75.823316460000058, 31.318020344000047 ], [ 75.823127341000031, 31.318260961000078 ], [ 75.823037487000079, 31.318364074000044 ], [ 75.822891306000031, 31.318306789000076 ], [ 75.822927896000067, 31.318163895000055 ], [ 75.82300000400005, 31.317893081000079 ], [ 75.823083153000084, 31.317590615000029 ], [ 75.823178939000059, 31.317151078000052 ], [ 75.823724213000048, 31.317444072000058 ] ] ] ] } },
{ "type": "Feature", "properties": { "field_id": 142, "field_name": "partial_70", "field_category": "partially_burnt" }, "geometry": { "type": "MultiPolygon", "coordinates": [ [ [ [ 75.822318665000068, 31.31668393700005 ], [ 75.822074504000057, 31.317425383000057 ], [ 75.821385256000042, 31.317311787000051 ], [ 75.821556918000056, 31.316952034000053 ], [ 75.82172857900008, 31.316702268000029 ], [ 75.821897558000046, 31.316452502000061 ], [ 75.822318665000068, 31.31668393700005 ] ] ] ] } },
{ "type": "Feature", "properties": { "field_id": 143, "field_name": "partial_71", "field_category": "partially_burnt" }, "geometry": { "type": "MultiPolygon", "coordinates": [ [ [ [ 75.823275755000054, 31.316375186000073 ], [ 75.82360269000003, 31.316599495000048 ], [ 75.823183504000042, 31.317142253000043 ], [ 75.821917210000038, 31.316457375000027 ], [ 75.822196188000078, 31.315991971000074 ], [ 75.822362485000042, 31.315746786000034 ], [ 75.823275755000054, 31.316375186000073 ] ] ] ] } },
{ "type": "Feature", "properties": { "field_id": 144, "field_name": "partial_72", "field_category": "partially_burnt" }, "geometry": { "type": "MultiPolygon", "coordinates": [ [ [ [ 75.824099379000074, 31.316916726000045 ], [ 75.823723870000038, 31.317439170000057 ], [ 75.823188108000068, 31.317145338000046 ], [ 75.823220713000069, 31.317099146000032 ], [ 75.823285504000069, 31.317015146000074 ], [ 75.823393628000076, 31.316879225000037 ], [ 75.823604512000031, 31.316609675000052 ], [ 75.824099379000074, 31.316916726000045 ] ] ] ] } },
{ "type": "Feature", "properties": { "field_id": 145, "field_name": "partial_73", "field_category": "partially_burnt" }, "geometry": { "type": "MultiPolygon", "coordinates": [ [ [ [ 75.816542135000077, 31.319682310000076 ], [ 75.816555164000079, 31.319944376000024 ], [ 75.816239010000061, 31.319952257000068 ], [ 75.816239412000073, 31.319681138000078 ], [ 75.816542135000077, 31.319682310000076 ] ] ] ] } },
{ "type": "Feature", "properties": { "field_id": 146, "field_name": "partial_74", "field_category": "partially_burnt" }, "geometry": { "type": "MultiPolygon", "coordinates": [ [ [ [ 75.815161441000043, 31.319194589000062 ], [ 75.81545688600005, 31.319197170000052 ], [ 75.815454918000057, 31.319330884000067 ], [ 75.815558172000067, 31.319396723000068 ], [ 75.815552073000049, 31.319482967000056 ], [ 75.815555922000044, 31.319568740000079 ], [ 75.81518969900003, 31.319556564000038 ], [ 75.815161441000043, 31.319194589000062 ] ] ] ] } },
{ "type": "Feature", "properties": { "field_id": 147, "field_name": "partial_75", "field_category": "partially_burnt" }, "geometry": { "type": "MultiPolygon", "coordinates": [ [ [ [ 75.83343024100003, 31.306648582000037 ], [ 75.833434178000061, 31.30614739400005 ], [ 75.834083763000081, 31.306150758000058 ], [ 75.834075890000065, 31.306672128000059 ], [ 75.83343024100003, 31.306648582000037 ] ] ] ] } },
{ "type": "Feature", "properties": { "field_id": 148, "field_name": "partial_76", "field_category": "partially_burnt" }, "geometry": { "type": "MultiPolygon", "coordinates": [ [ [ [ 75.833414494000067, 31.307217040000069 ], [ 75.83343024100003, 31.306668764000051 ], [ 75.834103448000064, 31.30667885500003 ], [ 75.834103448000064, 31.307193494000046 ], [ 75.833414494000067, 31.307217040000069 ] ] ] ] } },
{ "type": "Feature", "properties": { "field_id": 149, "field_name": "partial_77", "field_category": "partially_burnt" }, "geometry": { "type": "MultiPolygon", "coordinates": [ [ [ [ 75.832485390000045, 31.307823995000035 ], [ 75.832457831000056, 31.307237222000026 ], [ 75.832816088000072, 31.307227131000047 ], [ 75.832826097000066, 31.307822456000054 ], [ 75.832485390000045, 31.307823995000035 ] ] ] ] } },
{ "type": "Feature", "properties": { "field_id": 150, "field_name": "partial_78", "field_category": "partially_burnt" }, "geometry": { "type": "MultiPolygon", "coordinates": [ [ [ [ 75.833401581000032, 31.307812807000062 ], [ 75.833424257000047, 31.307229418000077 ], [ 75.834109589000036, 31.307207891000076 ], [ 75.834089433000031, 31.307812807000062 ], [ 75.833815925000067, 31.307812807000062 ], [ 75.833750907000081, 31.307702587000051 ], [ 75.833641511000053, 31.307692888000076 ], [ 75.833576494000056, 31.307812807000062 ], [ 75.833401581000032, 31.307812807000062 ] ] ] ] } },
{ "type": "Feature", "properties": { "field_id": 151, "field_name": "partial_79", "field_category": "partially_burnt" }, "geometry": { "type": "MultiPolygon", "coordinates": [ [ [ [ 75.755161606000058, 31.377273711000043 ], [ 75.755172928000036, 31.376712230000066 ], [ 75.756356157000084, 31.376696221000032 ], [ 75.756360175000054, 31.377221668000061 ], [ 75.755161606000058, 31.377273711000043 ] ] ] ] } },
{ "type": "Feature", "properties": { "field_id": 152, "field_name": "partial_80", "field_category": "partially_burnt" }, "geometry": { "type": "MultiPolygon", "coordinates": [ [ [ [ 75.484192678000056, 31.288310532000025 ], [ 75.484139034000066, 31.288796460000071 ], [ 75.482846209000058, 31.288796460000071 ], [ 75.482830116000059, 31.288296779000063 ], [ 75.484192678000056, 31.288310532000025 ] ] ] ] } },
{ "type": "Feature", "properties": { "field_id": 153, "field_name": "partial_81", "field_category": "partially_burnt" }, "geometry": { "type": "MultiPolygon", "coordinates": [ [ [ [ 75.481262265000055, 31.284908962000031 ], [ 75.481112061000033, 31.284913547000031 ], [ 75.48110669700003, 31.284977728000058 ], [ 75.480977951000057, 31.284991482000066 ], [ 75.480961857000068, 31.285064832000046 ], [ 75.480682908000063, 31.285060248000036 ], [ 75.480666814000074, 31.284496365000052 ], [ 75.481380282000032, 31.284487196000043 ], [ 75.481391011000085, 31.284785183000054 ], [ 75.481294451000053, 31.284785183000054 ], [ 75.481262265000055, 31.284908962000031 ] ] ] ] } },
{ "type": "Feature", "properties": { "field_id": 154, "field_name": "partial_82", "field_category": "partially_burnt" }, "geometry": { "type": "MultiPolygon", "coordinates": [ [ [ [ 75.518478415000061, 31.431404150000049 ], [ 75.518463996000037, 31.432513837000045 ], [ 75.517741107000063, 31.432514508000054 ], [ 75.517735881000078, 31.431388817000027 ], [ 75.518478415000061, 31.431404150000049 ] ] ] ] } },
{ "type": "Feature", "properties": { "field_id": 155, "field_name": "partial_83", "field_category": "partially_burnt" }, "geometry": { "type": "MultiPolygon", "coordinates": [ [ [ [ 75.520568215000083, 31.432020399000066 ], [ 75.520562850000033, 31.432533049000028 ], [ 75.519205653000029, 31.432533049000028 ], [ 75.519200288000036, 31.431988358000069 ], [ 75.520568215000083, 31.432020399000066 ] ] ] ] } },
{ "type": "Feature", "properties": { "field_id": 156, "field_name": "partial_84", "field_category": "partially_burnt" }, "geometry": { "type": "MultiPolygon", "coordinates": [ [ [ [ 75.518952919000071, 31.430244525000035 ], [ 75.518963332000055, 31.430895114000066 ], [ 75.518490911000072, 31.430896794000034 ], [ 75.518490107000048, 31.430582677000075 ], [ 75.518490055000029, 31.430562201000043 ], [ 75.51848822900007, 31.429848588000027 ], [ 75.518926767000039, 31.429844010000068 ], [ 75.518952919000071, 31.430244525000035 ] ] ] ] } },
{ "type": "Feature", "properties": { "field_id": 157, "field_name": "partial_85", "field_category": "partially_burnt" }, "geometry": { "type": "MultiPolygon", "coordinates": [ [ [ [ 75.521264775000077, 31.430025625000042 ], [ 75.521204065000063, 31.430024908000064 ], [ 75.521096252000063, 31.430024735000075 ], [ 75.521000403000073, 31.430020581000065 ], [ 75.520865809000043, 31.430021269000065 ], [ 75.520576161000065, 31.430013891000044 ], [ 75.520576073000029, 31.429743709000036 ], [ 75.521145920000038, 31.429766105000056 ], [ 75.521229715000061, 31.429822010000066 ], [ 75.521265540000059, 31.42995501200005 ], [ 75.521264775000077, 31.430025625000042 ] ] ] ] } },
{ "type": "Feature", "properties": { "field_id": 158, "field_name": "partial_86", "field_category": "partially_burnt" }, "geometry": { "type": "MultiPolygon", "coordinates": [ [ [ [ 75.521246849000079, 31.429575232000047 ], [ 75.521199736000085, 31.429670213000065 ], [ 75.52116112200008, 31.42971949400004 ], [ 75.520965948000082, 31.429746467000029 ], [ 75.52070309100003, 31.429733880000072 ], [ 75.520582114000035, 31.429693367000027 ], [ 75.520573662000061, 31.429488109000033 ], [ 75.52127555800007, 31.429480030000036 ], [ 75.521246849000079, 31.429575232000047 ] ] ] ] } },
{ "type": "Feature", "properties": { "field_id": 159, "field_name": "partial_87", "field_category": "partially_burnt" }, "geometry": { "type": "MultiPolygon", "coordinates": [ [ [ [ 75.521991833000072, 31.431317026000045 ], [ 75.521978225000055, 31.431374577000042 ], [ 75.521984901000053, 31.431422081000051 ], [ 75.521511718000056, 31.431420183000057 ], [ 75.521524427000031, 31.430644728000061 ], [ 75.521511055000076, 31.430583325000043 ], [ 75.52150210700006, 31.430475514000079 ], [ 75.521487402000048, 31.430429487000026 ], [ 75.521482331000072, 31.430318417000024 ], [ 75.521997573000078, 31.430321485000036 ], [ 75.521991833000072, 31.431317026000045 ] ] ] ] } },
{ "type": "Feature", "properties": { "field_id": 160, "field_name": "partial_88", "field_category": "partially_burnt" }, "geometry": { "type": "MultiPolygon", "coordinates": [ [ [ [ 75.522670030000029, 31.430329610000058 ], [ 75.522032093000064, 31.430335171000024 ], [ 75.522017388000052, 31.430045907000078 ], [ 75.522001295000052, 31.429647678000038 ], [ 75.522022870000058, 31.429641050000043 ], [ 75.522672787000033, 31.429639999000074 ], [ 75.522670030000029, 31.430329610000058 ] ] ] ] } },
{ "type": "Feature", "properties": { "field_id": 161, "field_name": "partial_89", "field_category": "partially_burnt" }, "geometry": { "type": "MultiPolygon", "coordinates": [ [ [ [ 75.530472447000079, 31.430824457000028 ], [ 75.52972072600005, 31.430856836000032 ], [ 75.529715090000082, 31.430660791000037 ], [ 75.529880846000083, 31.430563738000046 ], [ 75.529955948000065, 31.430531697000049 ], [ 75.530202712000062, 31.430421841000054 ], [ 75.530352915000037, 31.43033487200006 ], [ 75.530476297000064, 31.430321140000046 ], [ 75.530472447000079, 31.430824457000028 ] ] ] ] } },
{ "type": "Feature", "properties": { "field_id": 162, "field_name": "partial_90", "field_category": "partially_burnt" }, "geometry": { "type": "MultiPolygon", "coordinates": [ [ [ [ 75.532117437000068, 31.427811592000069 ], [ 75.531841876000044, 31.427818416000036 ], [ 75.531848275000073, 31.427057357000024 ], [ 75.532526518000054, 31.42704940200008 ], [ 75.532543645000032, 31.427858896000032 ], [ 75.532391245000042, 31.427821891000065 ], [ 75.532308558000068, 31.427802763000045 ], [ 75.532117437000068, 31.427811592000069 ] ] ] ] } },
{ "type": "Feature", "properties": { "field_id": 163, "field_name": "partial_91", "field_category": "partially_burnt" }, "geometry": { "type": "MultiPolygon", "coordinates": [ [ [ [ 75.529717682000069, 31.426477495000029 ], [ 75.529717996000045, 31.427018882000027 ], [ 75.52904404800006, 31.427019271000063 ], [ 75.529046730000061, 31.426708002000055 ], [ 75.529052095000054, 31.426474549000034 ], [ 75.529717682000069, 31.426477495000029 ] ] ] ] } },
{ "type": "Feature", "properties": { "field_id": 164, "field_name": "partial_92", "field_category": "partially_burnt" }, "geometry": { "type": "MultiPolygon", "coordinates": [ [ [ [ 75.52518122500004, 31.426304497000046 ], [ 75.525173178000045, 31.426501330000065 ], [ 75.524505308000073, 31.426515063000068 ], [ 75.52449994400007, 31.426178615000026 ], [ 75.524644783000042, 31.426212947000067 ], [ 75.525039068000069, 31.426192348000029 ], [ 75.52518122500004, 31.426304497000046 ] ] ] ] } },
{ "type": "Feature", "properties": { "field_id": 165, "field_name": "partial_93", "field_category": "partially_burnt" }, "geometry": { "type": "MultiPolygon", "coordinates": [ [ [ [ 75.525055161000068, 31.42597491500004 ], [ 75.524896911000042, 31.426178615000026 ], [ 75.524754754000071, 31.426190059000078 ], [ 75.524655512000038, 31.426192348000029 ], [ 75.524607232000051, 31.426174038000056 ], [ 75.524880818000042, 31.425846744000069 ], [ 75.525055161000068, 31.42597491500004 ] ] ] ] } },
{ "type": "Feature", "properties": { "field_id": 166, "field_name": "partial_94", "field_category": "partially_burnt" }, "geometry": { "type": "MultiPolygon", "coordinates": [ [ [ [ 75.532214153000041, 31.421056809000049 ], [ 75.532511878000037, 31.421065965000025 ], [ 75.532554794000077, 31.423167140000032 ], [ 75.531894974000068, 31.423313621000034 ], [ 75.531819868000071, 31.420800453000027 ], [ 75.532190013000047, 31.42079129800004 ], [ 75.532214153000041, 31.421056809000049 ] ] ] ] } },
{ "type": "Feature", "properties": { "field_id": 167, "field_name": "partial_95", "field_category": "partially_burnt" }, "geometry": { "type": "MultiPolygon", "coordinates": [ [ [ [ 75.519408550000037, 31.431708443000048 ], [ 75.519403902000079, 31.431970758000034 ], [ 75.518516581000029, 31.431955685000048 ], [ 75.518518578000055, 31.431683973000077 ], [ 75.519408550000037, 31.431708443000048 ] ] ] ] } },
{ "type": "Feature", "properties": { "field_id": 168, "field_name": "partial_96", "field_category": "partially_burnt" }, "geometry": { "type": "MultiPolygon", "coordinates": [ [ [ [ 75.518490055000029, 31.430562201000043 ], [ 75.518490561000078, 31.430562206000047 ], [ 75.518490107000048, 31.430582677000075 ], [ 75.518483029000038, 31.430902037000067 ], [ 75.517772739000065, 31.430905334000045 ], [ 75.517785341000035, 31.430555240000047 ], [ 75.518490055000029, 31.430562201000043 ] ] ] ] } },
{ "type": "Feature", "properties": { "field_id": 169, "field_name": "partial_97", "field_category": "partially_burnt" }, "geometry": { "type": "MultiPolygon", "coordinates": [ [ [ [ 75.521973090000074, 31.43030077700007 ], [ 75.521426319000057, 31.430304360000036 ], [ 75.521413947000042, 31.430037409000079 ], [ 75.521967747000076, 31.430040352000049 ], [ 75.521973090000074, 31.43030077700007 ] ] ] ] } },
{ "type": "Feature", "properties": { "field_id": 170, "field_name": "partial_98", "field_category": "partially_burnt" }, "geometry": { "type": "MultiPolygon", "coordinates": [ [ [ [ 75.523371287000032, 31.430386983000062 ], [ 75.522966005000058, 31.43039321200007 ], [ 75.522688412000036, 31.430315267000026 ], [ 75.522686623000084, 31.430297368000026 ], [ 75.522684438000056, 31.430230013000028 ], [ 75.52268377300004, 31.430003831000079 ], [ 75.523378095000055, 31.429995414000075 ], [ 75.523371287000032, 31.430386983000062 ] ] ] ] } },
{ "type": "Feature", "properties": { "field_id": 171, "field_name": "partial_99", "field_category": "partially_burnt" }, "geometry": { "type": "MultiPolygon", "coordinates": [ [ [ [ 75.523379553000041, 31.429985948000024 ], [ 75.52268749600006, 31.429998114000057 ], [ 75.522679620000076, 31.429408704000025 ], [ 75.523370423000074, 31.429398455000069 ], [ 75.523379553000041, 31.429985948000024 ] ] ] ] } },
{ "type": "Feature", "properties": { "field_id": 172, "field_name": "partial_100", "field_category": "partially_burnt" }, "geometry": { "type": "MultiPolygon", "coordinates": [ [ [ [ 75.523372755000082, 31.429384258000027 ], [ 75.522673522000048, 31.429404380000051 ], [ 75.522670577000042, 31.428845059000025 ], [ 75.523375771000076, 31.42883908500005 ], [ 75.523372755000082, 31.429384258000027 ] ] ] ] } },
{ "type": "Feature", "properties": { "field_id": 173, "field_name": "partial_101", "field_category": "partially_burnt" }, "geometry": { "type": "MultiPolygon", "coordinates": [ [ [ [ 75.530473834000077, 31.431348175000039 ], [ 75.529743325000084, 31.431358940000052 ], [ 75.529731261000052, 31.430874647000053 ], [ 75.530474567000056, 31.430838830000027 ], [ 75.530473834000077, 31.431348175000039 ] ] ] ] } },
{ "type": "Feature", "properties": { "field_id": 174, "field_name": "partial_102", "field_category": "partially_burnt" }, "geometry": { "type": "MultiPolygon", "coordinates": [ [ [ [ 75.529603, 31.432467176000046 ], [ 75.52950310600005, 31.432461550000028 ], [ 75.529490276000047, 31.430832928000029 ], [ 75.529709409000077, 31.43068244400007 ], [ 75.529773508000062, 31.432411045000038 ], [ 75.529689692000034, 31.43239705700006 ], [ 75.529603, 31.432467176000046 ] ] ] ] } },
{ "type": "Feature", "properties": { "field_id": 175, "field_name": "partial_103", "field_category": "partially_burnt" }, "geometry": { "type": "MultiPolygon", "coordinates": [ [ [ [ 75.529030657000078, 31.426469043000054 ], [ 75.529033095000045, 31.426717908000057 ], [ 75.528693032000035, 31.426712283000029 ], [ 75.528686919000052, 31.426462683000068 ], [ 75.529030657000078, 31.426469043000054 ] ] ] ] } },
{ "type": "Feature", "properties": { "field_id": 176, "field_name": "partial_104", "field_category": "partially_burnt" }, "geometry": { "type": "MultiPolygon", "coordinates": [ [ [ [ 75.512075018000075, 31.428187242000035 ], [ 75.51205892400003, 31.428720511000051 ], [ 75.511471521000033, 31.428729666000038 ], [ 75.511482249000039, 31.428187242000035 ], [ 75.512075018000075, 31.428187242000035 ] ] ] ] } },
{ "type": "Feature", "properties": { "field_id": 177, "field_name": "partial_105", "field_category": "partially_burnt" }, "geometry": { "type": "MultiPolygon", "coordinates": [ [ [ [ 75.512804837000033, 31.428717721000055 ], [ 75.51211793300007, 31.428720511000051 ], [ 75.512112569000067, 31.428194108000071 ], [ 75.512517582000044, 31.428180376000057 ], [ 75.512831659000085, 31.428178924000065 ], [ 75.512804837000033, 31.428717721000055 ] ] ] ] } },
{ "type": "Feature", "properties": { "field_id": 178, "field_name": "partial_106", "field_category": "partially_burnt" }, "geometry": { "type": "MultiPolygon", "coordinates": [ [ [ [ 75.514371188000041, 31.425638675000073 ], [ 75.514268234000042, 31.425635857000032 ], [ 75.514180236000072, 31.42558110300007 ], [ 75.514055771000073, 31.425551701000074 ], [ 75.513838606000036, 31.425548989000049 ], [ 75.513857604000066, 31.424277978000077 ], [ 75.514190965000068, 31.424281069000074 ], [ 75.514436359000058, 31.424386930000026 ], [ 75.514417020000053, 31.425091432000045 ], [ 75.514371188000041, 31.425638675000073 ] ] ] ] } },
{ "type": "Feature", "properties": { "field_id": 179, "field_name": "partial_107", "field_category": "partially_burnt" }, "geometry": { "type": "MultiPolygon", "coordinates": [ [ [ [ 75.513418749000039, 31.428179821000072 ], [ 75.512517537000065, 31.428175035000038 ], [ 75.512536350000062, 31.42764545600005 ], [ 75.513400897000054, 31.427633460000038 ], [ 75.513418749000039, 31.428179821000072 ] ] ] ] } },
{ "type": "Feature", "properties": { "field_id": 180, "field_name": "partial_108", "field_category": "partially_burnt" }, "geometry": { "type": "MultiPolygon", "coordinates": [ [ [ [ 75.562681667000049, 31.430374804000053 ], [ 75.562678341000037, 31.430808194000065 ], [ 75.562177973000075, 31.43072025400005 ], [ 75.561443048000058, 31.430592090000061 ], [ 75.56151815000004, 31.430363224000075 ], [ 75.562681667000049, 31.430374804000053 ] ] ] ] } },
{ "type": "Feature", "properties": { "field_id": 181, "field_name": "partial_109", "field_category": "partially_burnt" }, "geometry": { "type": "MultiPolygon", "coordinates": [ [ [ [ 75.563430167000035, 31.430764039000053 ], [ 75.562710534000075, 31.430799772000057 ], [ 75.562692168000069, 31.430385405000038 ], [ 75.56340093700004, 31.430378210000072 ], [ 75.563430167000035, 31.430764039000053 ] ] ] ] } },
{ "type": "Feature", "properties": { "field_id": 182, "field_name": "partial_110", "field_category": "partially_burnt" }, "geometry": { "type": "MultiPolygon", "coordinates": [ [ [ [ 75.564263004000054, 31.430235634000042 ], [ 75.564206743000057, 31.43068762200005 ], [ 75.563445373000036, 31.430758109000067 ], [ 75.563416140000072, 31.430372393000027 ], [ 75.56362363900007, 31.430367455000066 ], [ 75.563678162000031, 31.43022056600006 ], [ 75.564263004000054, 31.430235634000042 ] ] ] ] } },
{ "type": "Feature", "properties": { "field_id": 183, "field_name": "partial_111", "field_category": "partially_burnt" }, "geometry": { "type": "MultiPolygon", "coordinates": [ [ [ [ 75.565059727000062, 31.430616308000026 ], [ 75.564219618000038, 31.430687241000044 ], [ 75.564270117000035, 31.430234103000032 ], [ 75.565045166000061, 31.430227667000054 ], [ 75.565059727000062, 31.430616308000026 ] ] ] ] } },
{ "type": "Feature", "properties": { "field_id": 184, "field_name": "partial_112", "field_category": "partially_burnt" }, "geometry": { "type": "MultiPolygon", "coordinates": [ [ [ [ 75.564165357000036, 31.431081751000079 ], [ 75.563438531000031, 31.431161238000072 ], [ 75.56344819800006, 31.43076816100006 ], [ 75.564176423000049, 31.430696624000063 ], [ 75.564165357000036, 31.431081751000079 ] ] ] ] } },
{ "type": "Feature", "properties": { "field_id": 185, "field_name": "partial_113", "field_category": "partially_burnt" }, "geometry": { "type": "MultiPolygon", "coordinates": [ [ [ [ 75.850280920000046, 31.306329954000034 ], [ 75.850609880000036, 31.306319294000048 ], [ 75.851114610000081, 31.306325358000038 ], [ 75.851083067000047, 31.306921742000043 ], [ 75.850675902000035, 31.306927878000067 ], [ 75.850263541000061, 31.306927806000033 ], [ 75.850280920000046, 31.306329954000034 ] ] ] ] } },
{ "type": "Feature", "properties": { "field_id": 186, "field_name": "partial_114", "field_category": "partially_burnt" }, "geometry": { "type": "MultiPolygon", "coordinates": [ [ [ [ 75.850259633000064, 31.306205032000037 ], [ 75.850245407000045, 31.306939121000028 ], [ 75.849785409000049, 31.306944182000052 ], [ 75.849280574000034, 31.30693765500007 ], [ 75.849287562000029, 31.306753787000048 ], [ 75.849312087000044, 31.306455539000069 ], [ 75.849328180000043, 31.306209677000027 ], [ 75.849323966000043, 31.306179555000028 ], [ 75.850259633000064, 31.306205032000037 ] ] ] ] } },
{ "type": "Feature", "properties": { "field_id": 187, "field_name": "partial_115", "field_category": "partially_burnt" }, "geometry": { "type": "MultiPolygon", "coordinates": [ [ [ [ 75.849286022000058, 31.30695636400003 ], [ 75.849262357000043, 31.30726912700004 ], [ 75.84878444900005, 31.307268459000056 ], [ 75.848758884000063, 31.306492229000071 ], [ 75.849310637000031, 31.306460289000029 ], [ 75.849286022000058, 31.30695636400003 ] ] ] ] } },
{ "type": "Feature", "properties": { "field_id": 188, "field_name": "partial_116", "field_category": "partially_burnt" }, "geometry": { "type": "MultiPolygon", "coordinates": [ [ [ [ 75.847870646000047, 31.307087075000027 ], [ 75.847249142000067, 31.307109009000044 ], [ 75.846813094000083, 31.306789652000077 ], [ 75.846811083000034, 31.306738663000033 ], [ 75.846809071000052, 31.306681944000047 ], [ 75.846793361000039, 31.306629233000024 ], [ 75.84786413300003, 31.306588144000045 ], [ 75.847870646000047, 31.307087075000027 ] ] ] ] } },
{ "type": "Feature", "properties": { "field_id": 189, "field_name": "partial_117", "field_category": "partially_burnt" }, "geometry": { "type": "MultiPolygon", "coordinates": [ [ [ [ 75.84672962500008, 31.30665606000008 ], [ 75.846638405000078, 31.306632499000045 ], [ 75.846580346000053, 31.30657076600005 ], [ 75.846484961000044, 31.306493182000054 ], [ 75.84632896100004, 31.30638280900007 ], [ 75.845953843000075, 31.306052328000078 ], [ 75.845922767000047, 31.306043332000058 ], [ 75.845952272000034, 31.306044477000057 ], [ 75.846356036000032, 31.306053644000031 ], [ 75.846724497000082, 31.306053930000076 ], [ 75.84672962500008, 31.30665606000008 ] ] ], [ [ [ 75.84672962500008, 31.30665606000008 ], [ 75.846743262000075, 31.306657564000034 ], [ 75.846729654000058, 31.306656583000063 ], [ 75.84672962500008, 31.30665606000008 ] ] ] ] } },
{ "type": "Feature", "properties": { "field_id": 190, "field_name": "partial_118", "field_category": "partially_burnt" }, "geometry": { "type": "MultiPolygon", "coordinates": [ [ [ [ 75.846537669000043, 31.304924838000034 ], [ 75.846558435000077, 31.305247832000077 ], [ 75.846571667000035, 31.305309656000077 ], [ 75.846557458000063, 31.305398282000056 ], [ 75.846540212000036, 31.305494891000023 ], [ 75.84655170700006, 31.305745343000069 ], [ 75.846544427000083, 31.305956179000077 ], [ 75.846557076000067, 31.306052756000042 ], [ 75.845909134000067, 31.306038680000029 ], [ 75.845834254000067, 31.305962057000045 ], [ 75.845815479000066, 31.305776430000037 ], [ 75.845810115000063, 31.305583927000043 ], [ 75.845807432000072, 31.305343298000025 ], [ 75.845799386000067, 31.305041979000066 ], [ 75.845802068000069, 31.304934268000068 ], [ 75.846131980000052, 31.304931977000024 ], [ 75.846537669000043, 31.304924838000034 ] ] ] ] } },
{ "type": "Feature", "properties": { "field_id": 191, "field_name": "partial_119", "field_category": "partially_burnt" }, "geometry": { "type": "MultiPolygon", "coordinates": [ [ [ [ 75.847216848000073, 31.304944919000036 ], [ 75.847233082000059, 31.305019352000045 ], [ 75.847223610000071, 31.305086241000026 ], [ 75.847235735000083, 31.305207224000071 ], [ 75.847237608000057, 31.30535535000007 ], [ 75.84722970100006, 31.305473706000043 ], [ 75.84657160900008, 31.305468455000039 ], [ 75.846566162000045, 31.305422287000056 ], [ 75.846556216000067, 31.305367282000077 ], [ 75.84658492300008, 31.305287437000061 ], [ 75.846577589000049, 31.305238472000042 ], [ 75.846564570000055, 31.305105673000071 ], [ 75.84654990100006, 31.304988867000077 ], [ 75.846541462000062, 31.304932791000056 ], [ 75.846671968000066, 31.304933532000064 ], [ 75.847216848000073, 31.304944919000036 ] ] ] ] } },
{ "type": "Feature", "properties": { "field_id": 192, "field_name": "partial_120", "field_category": "partially_burnt" }, "geometry": { "type": "MultiPolygon", "coordinates": [ [ [ [ 75.847006601000032, 31.304366275000064 ], [ 75.847121861000062, 31.304369412000028 ], [ 75.847214668000049, 31.304369075000068 ], [ 75.847228308000069, 31.304892901000073 ], [ 75.847210173000065, 31.304940191000071 ], [ 75.846572173000084, 31.304944295000041 ], [ 75.846572031000051, 31.304944294000052 ], [ 75.846536505000074, 31.304922283000053 ], [ 75.846502878000081, 31.304599390000078 ], [ 75.846480517000032, 31.304378345000032 ], [ 75.847006601000032, 31.304366275000064 ] ] ] ] } },
{ "type": "Feature", "properties": { "field_id": 193, "field_name": "partial_121", "field_category": "partially_burnt" }, "geometry": { "type": "MultiPolygon", "coordinates": [ [ [ [ 75.846007387000043, 31.302140758000064 ], [ 75.846018190000052, 31.302707080000062 ], [ 75.845974669000043, 31.30315261100003 ], [ 75.845953835000046, 31.303207584000063 ], [ 75.845334025000056, 31.303201744000035 ], [ 75.845325810000077, 31.302690703000053 ], [ 75.845280015000071, 31.30212700900006 ], [ 75.846007387000043, 31.302140758000064 ] ] ] ] } },
{ "type": "Feature", "properties": { "field_id": 194, "field_name": "partial_122", "field_category": "partially_burnt" }, "geometry": { "type": "MultiPolygon", "coordinates": [ [ [ [ 75.84530434100003, 31.30243613600004 ], [ 75.845317752000085, 31.302463637000074 ], [ 75.845313813000075, 31.303202587000044 ], [ 75.844309247000069, 31.303190653000058 ], [ 75.84432643100007, 31.302399923000053 ], [ 75.84530434100003, 31.30243613600004 ] ] ] ] } },
{ "type": "Feature", "properties": { "field_id": 195, "field_name": "partial_123", "field_category": "partially_burnt" }, "geometry": { "type": "MultiPolygon", "coordinates": [ [ [ [ 75.845328205000044, 31.303826973000071 ], [ 75.844737694000059, 31.303819910000072 ], [ 75.844753750000052, 31.303271930000051 ], [ 75.84478594400008, 31.303267405000042 ], [ 75.845328061000032, 31.303263186000038 ], [ 75.845328205000044, 31.303826973000071 ] ] ] ] } },
{ "type": "Feature", "properties": { "field_id": 196, "field_name": "partial_124", "field_category": "partially_burnt" }, "geometry": { "type": "MultiPolygon", "coordinates": [ [ [ [ 75.846733344000029, 31.302703238000049 ], [ 75.846019494000075, 31.302691450000054 ], [ 75.84600761300004, 31.302138151000065 ], [ 75.846721081000055, 31.302146338000057 ], [ 75.846733344000029, 31.302703238000049 ] ] ] ] } },
{ "type": "Feature", "properties": { "field_id": 197, "field_name": "partial_125", "field_category": "partially_burnt" }, "geometry": { "type": "MultiPolygon", "coordinates": [ [ [ [ 75.848133035000046, 31.302186812000059 ], [ 75.848128358000054, 31.302278701000034 ], [ 75.848132837000037, 31.302417967000054 ], [ 75.84812874000005, 31.302580563000049 ], [ 75.848137937000047, 31.30285458700007 ], [ 75.847524860000078, 31.303156773000069 ], [ 75.847518352000066, 31.303123385000049 ], [ 75.847480801000074, 31.302992754000059 ], [ 75.847453979000079, 31.302754411000024 ], [ 75.847459344000072, 31.302543567000043 ], [ 75.847462026000073, 31.302197509000052 ], [ 75.847563950000051, 31.302176883000072 ], [ 75.848133035000046, 31.302186812000059 ] ] ] ] } },
{ "type": "Feature", "properties": { "field_id": 198, "field_name": "partial_126", "field_category": "partially_burnt" }, "geometry": { "type": "MultiPolygon", "coordinates": [ [ [ [ 75.848181539000052, 31.301079885000036 ], [ 75.848184222000043, 31.301382403000048 ], [ 75.848173493000047, 31.301492410000037 ], [ 75.848165446000053, 31.301634501000024 ], [ 75.847465390000082, 31.30162075100003 ], [ 75.847457343000031, 31.301432823000027 ], [ 75.847451978000038, 31.301210518000062 ], [ 75.847449296000036, 31.301054675000046 ], [ 75.848181539000052, 31.301079885000036 ] ] ] ] } },
{ "type": "Feature", "properties": { "field_id": 199, "field_name": "partial_127", "field_category": "partially_burnt" }, "geometry": { "type": "MultiPolygon", "coordinates": [ [ [ [ 75.84882600800006, 31.301089054000045 ], [ 75.848828852000054, 31.301326195000058 ], [ 75.84883312200003, 31.301446351000038 ], [ 75.848742978000075, 31.301445120000039 ], [ 75.848700459000042, 31.301450468000041 ], [ 75.848602343000039, 31.301438027000074 ], [ 75.848177693000082, 31.301449232000039 ], [ 75.84819316800008, 31.301234522000073 ], [ 75.848182440000073, 31.301074096000036 ], [ 75.84882600800006, 31.301089054000045 ] ] ] ] } },
{ "type": "Feature", "properties": { "field_id": 200, "field_name": "partial_128", "field_category": "partially_burnt" }, "geometry": { "type": "MultiPolygon", "coordinates": [ [ [ [ 75.840767974000073, 31.304548810000028 ], [ 75.84076261000007, 31.304986529000075 ], [ 75.840763634000041, 31.305026893000047 ], [ 75.840094995000072, 31.305026018000035 ], [ 75.839778239000054, 31.305040863000045 ], [ 75.839330944000039, 31.305032790000041 ], [ 75.839307317000078, 31.305027780000046 ], [ 75.839301695000074, 31.304557977000059 ], [ 75.840140337000037, 31.304555686000072 ], [ 75.840722377000077, 31.304546519000041 ], [ 75.840767974000073, 31.304548810000028 ] ] ] ] } },
{ "type": "Feature", "properties": { "field_id": 201, "field_name": "partial_129", "field_category": "partially_burnt" }, "geometry": { "type": "MultiPolygon", "coordinates": [ [ [ [ 75.839481240000055, 31.303975530000059 ], [ 75.839641088000064, 31.303983061000054 ], [ 75.839689941000074, 31.303984697000033 ], [ 75.839693903000068, 31.304143765000049 ], [ 75.839684515000044, 31.304261789000066 ], [ 75.839684545000068, 31.304371006000054 ], [ 75.839685886000041, 31.304470696000067 ], [ 75.839692592000063, 31.304556636000029 ], [ 75.839301850000084, 31.304554911000025 ], [ 75.839300252000044, 31.304430669000055 ], [ 75.839300825000066, 31.304332344000045 ], [ 75.839303251000047, 31.304157026000041 ], [ 75.839297887000043, 31.304065137000066 ], [ 75.839294948000031, 31.304000635000079 ], [ 75.839481240000055, 31.303975530000059 ] ] ] ] } },
{ "type": "Feature", "properties": { "field_id": 202, "field_name": "partial_130", "field_category": "partially_burnt" }, "geometry": { "type": "MultiPolygon", "coordinates": [ [ [ [ 75.839294284000061, 31.304640284000072 ], [ 75.83920308900008, 31.304637993000028 ], [ 75.838615685000036, 31.304640284000072 ], [ 75.838615685000036, 31.304491322000047 ], [ 75.838613003000034, 31.304252982000037 ], [ 75.838613003000034, 31.304083394000031 ], [ 75.839299648000065, 31.304076518000045 ], [ 75.839294284000061, 31.304640284000072 ] ] ] ] } },
{ "type": "Feature", "properties": { "field_id": 203, "field_name": "partial_131", "field_category": "partially_burnt" }, "geometry": { "type": "MultiPolygon", "coordinates": [ [ [ [ 75.832835247000048, 31.303453577000028 ], [ 75.832877977000066, 31.304170431000045 ], [ 75.832848733000048, 31.304173261000074 ], [ 75.832355344000064, 31.304208734000042 ], [ 75.832014450000031, 31.304223679000074 ], [ 75.831993006000062, 31.303783589000034 ], [ 75.831974230000071, 31.303439826000044 ], [ 75.832835247000048, 31.303453577000028 ] ] ] ] } },
{ "type": "Feature", "properties": { "field_id": 204, "field_name": "partial_132", "field_category": "partially_burnt" }, "geometry": { "type": "MultiPolygon", "coordinates": [ [ [ [ 75.83198002000006, 31.304253548000077 ], [ 75.831982726000035, 31.304404643000055 ], [ 75.831985432000067, 31.304675083000063 ], [ 75.832025600000065, 31.304833295000037 ], [ 75.831864643000074, 31.304856197000049 ], [ 75.83159373500007, 31.304867664000028 ], [ 75.83131208900005, 31.304879261000053 ], [ 75.831314791000068, 31.304842518000044 ], [ 75.831301379000081, 31.304468967000048 ], [ 75.831279922000078, 31.30412749900006 ], [ 75.831242418000045, 31.303740267000023 ], [ 75.831945171000029, 31.303747122000061 ], [ 75.83198002000006, 31.304253548000077 ] ] ] ] } },
{ "type": "Feature", "properties": { "field_id": 205, "field_name": "partial_133", "field_category": "partially_burnt" }, "geometry": { "type": "MultiPolygon", "coordinates": [ [ [ [ 75.830496634000042, 31.303833009000073 ], [ 75.83049759000005, 31.303841606000049 ], [ 75.83051781100005, 31.304023356000073 ], [ 75.83056368900003, 31.304435735000027 ], [ 75.829995061000034, 31.304499904000068 ], [ 75.829930688000047, 31.304243230000054 ], [ 75.829852903000074, 31.30388113500004 ], [ 75.830434943000057, 31.303819258000033 ], [ 75.830496634000042, 31.303833009000073 ] ] ] ] } },
{ "type": "Feature", "properties": { "field_id": 206, "field_name": "partial_134", "field_category": "partially_burnt" }, "geometry": { "type": "MultiPolygon", "coordinates": [ [ [ [ 75.829964950000033, 31.304448184000023 ], [ 75.829833507000046, 31.304452811000033 ], [ 75.829305084000055, 31.30453986200007 ], [ 75.829184422000083, 31.304539857000066 ], [ 75.82917365600008, 31.304143300000078 ], [ 75.829128101000038, 31.303982941000072 ], [ 75.829846890000056, 31.303920179000045 ], [ 75.829964950000033, 31.304448184000023 ] ] ] ] } },
{ "type": "Feature", "properties": { "field_id": 207, "field_name": "partial_135", "field_category": "partially_burnt" }, "geometry": { "type": "MultiPolygon", "coordinates": [ [ [ [ 75.830385878000072, 31.303439393000076 ], [ 75.83037626600003, 31.303481154000053 ], [ 75.830402180000078, 31.303768985000033 ], [ 75.830435484000077, 31.303803997000045 ], [ 75.830442190000042, 31.30381660200004 ], [ 75.829861289000064, 31.303873438000039 ], [ 75.829843855000036, 31.303800102000025 ], [ 75.829825079000045, 31.303691244000049 ], [ 75.829791998000076, 31.303420187000029 ], [ 75.829889743000081, 31.30341093800007 ], [ 75.829992412000081, 31.303410556000074 ], [ 75.830248937000079, 31.303395977000037 ], [ 75.830367995000074, 31.303401326000028 ], [ 75.830385878000072, 31.303439393000076 ] ] ] ] } },
{ "type": "Feature", "properties": { "field_id": 208, "field_name": "partial_136", "field_category": "partially_burnt" }, "geometry": { "type": "MultiPolygon", "coordinates": [ [ [ [ 75.820937024000045, 31.309561885000051 ], [ 75.820123255000055, 31.309581395000066 ], [ 75.820119514000055, 31.309089835000066 ], [ 75.82090766400006, 31.309077050000042 ], [ 75.820937024000045, 31.309561885000051 ] ] ] ] } },
{ "type": "Feature", "properties": { "field_id": 209, "field_name": "partial_137", "field_category": "partially_burnt" }, "geometry": { "type": "MultiPolygon", "coordinates": [ [ [ [ 75.819434955000077, 31.308521824000024 ], [ 75.818756012000051, 31.308564962000048 ], [ 75.818725688000029, 31.308041974000048 ], [ 75.819303110000078, 31.308015678000061 ], [ 75.81933784000006, 31.30834019100007 ], [ 75.81943545200005, 31.308330600000033 ], [ 75.819434955000077, 31.308521824000024 ] ] ] ] } },
{ "type": "Feature", "properties": { "field_id": 210, "field_name": "partial_138", "field_category": "partially_burnt" }, "geometry": { "type": "MultiPolygon", "coordinates": [ [ [ [ 75.819441545000075, 31.311225426000078 ], [ 75.818839596000032, 31.311247061000074 ], [ 75.81883306900005, 31.310754208000048 ], [ 75.819393375000061, 31.310725852000076 ], [ 75.819409341000039, 31.310808447000056 ], [ 75.819441545000075, 31.311225426000078 ] ] ] ] } },
{ "type": "Feature", "properties": { "field_id": 211, "field_name": "partial_139", "field_category": "partially_burnt" }, "geometry": { "type": "MultiPolygon", "coordinates": [ [ [ [ 75.820217425000067, 31.311696508000068 ], [ 75.819999482000071, 31.311710448000042 ], [ 75.819687290000047, 31.311734133000073 ], [ 75.81967684500006, 31.311726226000076 ], [ 75.819640679000031, 31.311690017000046 ], [ 75.81953827500007, 31.31168449300003 ], [ 75.819450516000074, 31.310725243000036 ], [ 75.820141665000051, 31.310696589000031 ], [ 75.820217425000067, 31.311696508000068 ] ] ] ] } },
{ "type": "Feature", "properties": { "field_id": 212, "field_name": "partial_140", "field_category": "partially_burnt" }, "geometry": { "type": "MultiPolygon", "coordinates": [ [ [ [ 75.820218059000069, 31.312352260000068 ], [ 75.819556564000038, 31.312378765000062 ], [ 75.819507317000046, 31.311749016000078 ], [ 75.819767562000038, 31.311732964000043 ], [ 75.820196761000034, 31.311721572000067 ], [ 75.820218059000069, 31.312352260000068 ] ] ] ] } },
{ "type": "Feature", "properties": { "field_id": 213, "field_name": "partial_141", "field_category": "partially_burnt" }, "geometry": { "type": "MultiPolygon", "coordinates": [ [ [ [ 75.82163195000004, 31.311543214000039 ], [ 75.821284675000072, 31.311552666000068 ], [ 75.82122344000004, 31.311550717000046 ], [ 75.821174485000029, 31.311554 ], [ 75.821119244000045, 31.31065886600004 ], [ 75.821600062000073, 31.310646318000067 ], [ 75.82163195000004, 31.311543214000039 ] ] ] ] } },
{ "type": "Feature", "properties": { "field_id": 214, "field_name": "partial_142", "field_category": "partially_burnt" }, "geometry": { "type": "MultiPolygon", "coordinates": [ [ [ [ 75.820698917000072, 31.311406240000053 ], [ 75.820717693000063, 31.311790657000074 ], [ 75.820682824000073, 31.311912109000048 ], [ 75.820696235000071, 31.311967106000054 ], [ 75.820693553000069, 31.312116057000026 ], [ 75.820702053000048, 31.312329731000034 ], [ 75.82043666800007, 31.312342528000045 ], [ 75.820232415000078, 31.312350051000067 ], [ 75.820194662000063, 31.311753992000035 ], [ 75.820240260000048, 31.311747923000041 ], [ 75.820237468000073, 31.311705095000036 ], [ 75.82015903100006, 31.310709624000026 ], [ 75.820616021000035, 31.310692935000077 ], [ 75.820698917000072, 31.311406240000053 ] ] ] ] } },
{ "type": "Feature", "properties": { "field_id": 215, "field_name": "partial_143", "field_category": "partially_burnt" }, "geometry": { "type": "MultiPolygon", "coordinates": [ [ [ [ 75.818871064000064, 31.312292962000072 ], [ 75.818849240000077, 31.312456492000024 ], [ 75.818847281000046, 31.312501255000029 ], [ 75.818901093000079, 31.312804942000071 ], [ 75.81816642800004, 31.312829069000031 ], [ 75.818134275000034, 31.312338941000064 ], [ 75.818871064000064, 31.312292962000072 ] ] ] ] } },
{ "type": "Feature", "properties": { "field_id": 216, "field_name": "partial_144", "field_category": "partially_burnt" }, "geometry": { "type": "MultiPolygon", "coordinates": [ [ [ [ 75.818880676000049, 31.312281330000076 ], [ 75.818783970000084, 31.312300945000061 ], [ 75.818709571000056, 31.312305035000065 ], [ 75.818139896000048, 31.312340132000031 ], [ 75.818131851000032, 31.311907031000032 ], [ 75.818838628000037, 31.311877453000079 ], [ 75.818880676000049, 31.312281330000076 ] ] ] ] } },
{ "type": "Feature", "properties": { "field_id": 217, "field_name": "partial_145", "field_category": "partially_burnt" }, "geometry": { "type": "MultiPolygon", "coordinates": [ [ [ [ 75.818132500000047, 31.311880277000057 ], [ 75.818065368000077, 31.311910105000038 ], [ 75.817402951000076, 31.311928438000052 ], [ 75.817397594000056, 31.311708499000076 ], [ 75.817397632000052, 31.311334865000049 ], [ 75.818111035000072, 31.311325748000058 ], [ 75.818132500000047, 31.311880277000057 ] ] ] ] } },
{ "type": "Feature", "properties": { "field_id": 218, "field_name": "partial_146", "field_category": "partially_burnt" }, "geometry": { "type": "MultiPolygon", "coordinates": [ [ [ [ 75.811882014000048, 31.30999526100004 ], [ 75.811884985000063, 31.310281061000069 ], [ 75.811876247000043, 31.310301503000062 ], [ 75.811879192000049, 31.310326724000049 ], [ 75.811864009000033, 31.310543469000038 ], [ 75.811861387000079, 31.310561932000041 ], [ 75.811862566000059, 31.310577335000062 ], [ 75.811859144000039, 31.310601688000077 ], [ 75.811852035000072, 31.310743027000058 ], [ 75.811860305000039, 31.310871831000043 ], [ 75.811386786000071, 31.310886440000047 ], [ 75.811381607000044, 31.310166211000023 ], [ 75.811365896000041, 31.309892193000053 ], [ 75.811872151000046, 31.309880053000029 ], [ 75.811882014000048, 31.30999526100004 ] ] ] ] } },
{ "type": "Feature", "properties": { "field_id": 219, "field_name": "partial_147", "field_category": "partially_burnt" }, "geometry": { "type": "MultiPolygon", "coordinates": [ [ [ [ 75.812487668000074, 31.310850361000064 ], [ 75.811863236000079, 31.310870181000041 ], [ 75.811868901000082, 31.310549367000078 ], [ 75.811885405000055, 31.310301366000033 ], [ 75.811893174000033, 31.310236076000024 ], [ 75.812463576000084, 31.310217314000056 ], [ 75.812487668000074, 31.310850361000064 ] ] ] ] } },
{ "type": "Feature", "properties": { "field_id": 220, "field_name": "partial_148", "field_category": "partially_burnt" }, "geometry": { "type": "MultiPolygon", "coordinates": [ [ [ [ 75.812900046000038, 31.310742982000079 ], [ 75.812781313000073, 31.310747021000054 ], [ 75.812777995000033, 31.31082777000006 ], [ 75.812702835000039, 31.310822338000037 ], [ 75.812485323000033, 31.31084045800003 ], [ 75.812469676000035, 31.310262955000042 ], [ 75.81294719300007, 31.310250292000035 ], [ 75.812900046000038, 31.310742982000079 ] ] ] ] } },
{ "type": "Feature", "properties": { "field_id": 221, "field_name": "partial_149", "field_category": "partially_burnt" }, "geometry": { "type": "MultiPolygon", "coordinates": [ [ [ [ 75.81244973500003, 31.310208517000035 ], [ 75.811904096000035, 31.310231736000048 ], [ 75.811902790000033, 31.310165181000059 ], [ 75.811892632000081, 31.309998890000031 ], [ 75.811884496000062, 31.309873485000026 ], [ 75.812451559000067, 31.309847257000058 ], [ 75.81244973500003, 31.310208517000035 ] ] ] ] } },
{ "type": "Feature", "properties": { "field_id": 222, "field_name": "partial_150", "field_category": "partially_burnt" }, "geometry": { "type": "MultiPolygon", "coordinates": [ [ [ [ 75.810381994000068, 31.309919441000034 ], [ 75.81040224700007, 31.310923922000029 ], [ 75.809769948000053, 31.310944656000061 ], [ 75.809478704000071, 31.310937018000061 ], [ 75.809330861000035, 31.31091961900006 ], [ 75.810291651000057, 31.309907103000057 ], [ 75.810381994000068, 31.309919441000034 ] ] ] ] } },
{ "type": "Feature", "properties": { "field_id": 223, "field_name": "partial_151", "field_category": "partially_burnt" }, "geometry": { "type": "MultiPolygon", "coordinates": [ [ [ [ 75.809783354000047, 31.31132566000008 ], [ 75.809762081000031, 31.311567272000048 ], [ 75.809748683000066, 31.311742668000079 ], [ 75.808800438000048, 31.311508877000051 ], [ 75.809302182000067, 31.310943328000064 ], [ 75.809787155000038, 31.310957253000026 ], [ 75.809783354000047, 31.31132566000008 ] ] ] ] } },
{ "type": "Feature", "properties": { "field_id": 224, "field_name": "partial_152", "field_category": "partially_burnt" }, "geometry": { "type": "MultiPolygon", "coordinates": [ [ [ [ 75.809919658000069, 31.311806445000059 ], [ 75.809913300000062, 31.312425042000029 ], [ 75.809270980000065, 31.312306121000063 ], [ 75.809372766000081, 31.311662740000031 ], [ 75.809919658000069, 31.311806445000059 ] ] ] ] } },
{ "type": "Feature", "properties": { "field_id": 225, "field_name": "partial_153", "field_category": "partially_burnt" }, "geometry": { "type": "MultiPolygon", "coordinates": [ [ [ [ 75.80990107000008, 31.31245823900008 ], [ 75.809939516000043, 31.312528704000044 ], [ 75.809959186000071, 31.31318208600004 ], [ 75.80988095500004, 31.313310793000028 ], [ 75.809784509000053, 31.313300867000066 ], [ 75.809123008000029, 31.312598116000061 ], [ 75.809244377000084, 31.312319982000076 ], [ 75.80990107000008, 31.31245823900008 ] ] ] ] } },
{ "type": "Feature", "properties": { "field_id": 226, "field_name": "partial_154", "field_category": "partially_burnt" }, "geometry": { "type": "MultiPolygon", "coordinates": [ [ [ [ 75.81169619700006, 31.316132418000052 ], [ 75.81237348600007, 31.316090994000035 ], [ 75.812385540000037, 31.316212808000046 ], [ 75.812387556000033, 31.316306272000077 ], [ 75.812399526000036, 31.316423621000069 ], [ 75.812405887000068, 31.316463558000066 ], [ 75.811745259000077, 31.31651789700004 ], [ 75.81169619700006, 31.316132418000052 ] ] ] ] } },
{ "type": "Feature", "properties": { "field_id": 227, "field_name": "partial_155", "field_category": "partially_burnt" }, "geometry": { "type": "MultiPolygon", "coordinates": [ [ [ [ 75.813114491000078, 31.316411648000042 ], [ 75.812416926000083, 31.316457312000068 ], [ 75.812403780000068, 31.316395142000033 ], [ 75.81239809200008, 31.31637108700005 ], [ 75.812393302000032, 31.315960132000043 ], [ 75.812392904000035, 31.315956507000067 ], [ 75.812321188000055, 31.315371144000039 ], [ 75.812544225000067, 31.315351770000063 ], [ 75.812547970000082, 31.315954546000057 ], [ 75.812816946000055, 31.31617514800007 ], [ 75.813114491000078, 31.316411648000042 ] ] ] ] } },
{ "type": "Feature", "properties": { "field_id": 228, "field_name": "partial_156", "field_category": "partially_burnt" }, "geometry": { "type": "MultiPolygon", "coordinates": [ [ [ [ 75.814955024000085, 31.316831032000039 ], [ 75.814812354000082, 31.316842788000031 ], [ 75.814813467000079, 31.317590738000035 ], [ 75.814428946000078, 31.317271334000054 ], [ 75.814420583000071, 31.316914102000055 ], [ 75.814419929000053, 31.316886185000044 ], [ 75.814407488000029, 31.316654315000051 ], [ 75.814928497000039, 31.316628422000065 ], [ 75.814955024000085, 31.316831032000039 ] ] ] ] } },
{ "type": "Feature", "properties": { "field_id": 229, "field_name": "partial_157", "field_category": "partially_burnt" }, "geometry": { "type": "MultiPolygon", "coordinates": [ [ [ [ 75.815511558000082, 31.31736279200004 ], [ 75.814812389000053, 31.317382317000067 ], [ 75.814813621000042, 31.316842368000039 ], [ 75.815502905000073, 31.316829335000079 ], [ 75.815511558000082, 31.31736279200004 ] ] ] ] } },
{ "type": "Feature", "properties": { "field_id": 230, "field_name": "partial_158", "field_category": "partially_burnt" }, "geometry": { "type": "MultiPolygon", "coordinates": [ [ [ [ 75.816259228000035, 31.317340190000039 ], [ 75.815715357000045, 31.317352292000066 ], [ 75.815525672000035, 31.317334764000066 ], [ 75.815528135000079, 31.316999155000076 ], [ 75.816267056000072, 31.316972243000066 ], [ 75.816259228000035, 31.317340190000039 ] ] ] ] } },
{ "type": "Feature", "properties": { "field_id": 231, "field_name": "partial_159", "field_category": "partially_burnt" }, "geometry": { "type": "MultiPolygon", "coordinates": [ [ [ [ 75.814977664000082, 31.317735337000045 ], [ 75.815186870000048, 31.317919518000053 ], [ 75.81467, 31.317894515000035 ], [ 75.81466129000006, 31.31771666700007 ], [ 75.814739261000057, 31.317711209000038 ], [ 75.814863433000085, 31.317645909000078 ], [ 75.814977664000082, 31.317735337000045 ] ] ] ] } },
{ "type": "Feature", "properties": { "field_id": 232, "field_name": "partial_160", "field_category": "partially_burnt" }, "geometry": { "type": "MultiPolygon", "coordinates": [ [ [ [ 75.815850973000067, 31.309610889000055 ], [ 75.815827229000035, 31.31026730800005 ], [ 75.814883115000043, 31.310294028000044 ], [ 75.814856492000047, 31.309557541000061 ], [ 75.815850973000067, 31.309610889000055 ] ] ] ] } },
{ "type": "Feature", "properties": { "field_id": 233, "field_name": "partial_161", "field_category": "partially_burnt" }, "geometry": { "type": "MultiPolygon", "coordinates": [ [ [ [ 75.818193617000077, 31.309630821000042 ], [ 75.818066750000071, 31.309635433000039 ], [ 75.817283763000034, 31.309650245000057 ], [ 75.817344939000066, 31.309208969000053 ], [ 75.817328748000079, 31.309141707000038 ], [ 75.817887325000072, 31.309122820000027 ], [ 75.818174072000033, 31.309124268000062 ], [ 75.818193617000077, 31.309630821000042 ] ] ] ] } },
{ "type": "Feature", "properties": { "field_id": 234, "field_name": "partial_162", "field_category": "partially_burnt" }, "geometry": { "type": "MultiPolygon", "coordinates": [ [ [ [ 75.817952309000077, 31.306936440000072 ], [ 75.817358759000058, 31.306956398000068 ], [ 75.817293603000053, 31.306419382000058 ], [ 75.817930851000085, 31.306404772000064 ], [ 75.817952309000077, 31.306936440000072 ] ] ] ] } },
{ "type": "Feature", "properties": { "field_id": 235, "field_name": "partial_163", "field_category": "partially_burnt" }, "geometry": { "type": "MultiPolygon", "coordinates": [ [ [ [ 75.817986953000059, 31.307932928000071 ], [ 75.817957450000051, 31.307997916000033 ], [ 75.817373957000029, 31.308005402000049 ], [ 75.817358870000078, 31.307470971000043 ], [ 75.817976112000053, 31.307468871000026 ], [ 75.817986953000059, 31.307932928000071 ] ] ] ] } },
{ "type": "Feature", "properties": { "field_id": 236, "field_name": "partial_164", "field_category": "partially_burnt" }, "geometry": { "type": "MultiPolygon", "coordinates": [ [ [ [ 75.818012346000046, 31.309039720000044 ], [ 75.818022320000068, 31.309125643000073 ], [ 75.817401080000081, 31.309132883000075 ], [ 75.817393133000053, 31.308611471000063 ], [ 75.817394383000078, 31.308038515000078 ], [ 75.818021252000051, 31.308044595000069 ], [ 75.818012346000046, 31.309039720000044 ] ] ] ] } },
{ "type": "Feature", "properties": { "field_id": 237, "field_name": "partial_165", "field_category": "partially_burnt" }, "geometry": { "type": "MultiPolygon", "coordinates": [ [ [ [ 75.814755795000053, 31.305920827000079 ], [ 75.81583205000004, 31.305904803000033 ], [ 75.815808666000066, 31.306052914000077 ], [ 75.814741644000037, 31.306067088000077 ], [ 75.814755795000053, 31.305920827000079 ] ] ] ] } },
{ "type": "Feature", "properties": { "field_id": 238, "field_name": "partial_166", "field_category": "partially_burnt" }, "geometry": { "type": "MultiPolygon", "coordinates": [ [ [ [ 75.761442386000056, 31.370194334000075 ], [ 75.76076378700003, 31.370178303000046 ], [ 75.760784405000038, 31.369631001000073 ], [ 75.761456217000045, 31.369628173000024 ], [ 75.761442386000056, 31.370194334000075 ] ] ] ] } },
{ "type": "Feature", "properties": { "field_id": 239, "field_name": "partial_167", "field_category": "partially_burnt" }, "geometry": { "type": "MultiPolygon", "coordinates": [ [ [ [ 75.762203923000072, 31.369635581000068 ], [ 75.762193404000072, 31.370194334000075 ], [ 75.761461161000057, 31.370182883000041 ], [ 75.761466946000041, 31.369633112000031 ], [ 75.762203923000072, 31.369635581000068 ] ] ] ] } },
{ "type": "Feature", "properties": { "field_id": 240, "field_name": "partial_168", "field_category": "partially_burnt" }, "geometry": { "type": "MultiPolygon", "coordinates": [ [ [ [ 75.762855910000042, 31.370187463000036 ], [ 75.762201451000067, 31.370185173000039 ], [ 75.762212180000063, 31.369633471000043 ], [ 75.762845181000046, 31.36963733400006 ], [ 75.762855910000042, 31.370187463000036 ] ] ] ] } },
{ "type": "Feature", "properties": { "field_id": 241, "field_name": "partial_169", "field_category": "partially_burnt" }, "geometry": { "type": "MultiPolygon", "coordinates": [ [ [ [ 75.761440082000036, 31.370196300000032 ], [ 75.761426292000067, 31.370739383000057 ], [ 75.760774516000083, 31.370734802000072 ], [ 75.76076220300007, 31.37018136100005 ], [ 75.761440082000036, 31.370196300000032 ] ] ] ] } },
{ "type": "Feature", "properties": { "field_id": 242, "field_name": "partial_170", "field_category": "partially_burnt" }, "geometry": { "type": "MultiPolygon", "coordinates": [ [ [ [ 75.762193706000062, 31.370197092000069 ], [ 75.762196086000074, 31.370741673000055 ], [ 75.761436008000032, 31.370738261000042 ], [ 75.761447093000072, 31.370186763000049 ], [ 75.762193706000062, 31.370197092000069 ] ] ] ] } },
{ "type": "Feature", "properties": { "field_id": 243, "field_name": "partial_171", "field_category": "partially_burnt" }, "geometry": { "type": "MultiPolygon", "coordinates": [ [ [ [ 75.76319923300008, 31.370199382000067 ], [ 75.763189845000056, 31.370495485000049 ], [ 75.763191186000029, 31.37073709200007 ], [ 75.76220681500007, 31.370732512000075 ], [ 75.762201451000067, 31.370194498000046 ], [ 75.76319923300008, 31.370199382000067 ] ] ] ] } },
{ "type": "Feature", "properties": { "field_id": 244, "field_name": "partial_172", "field_category": "partially_burnt" }, "geometry": { "type": "MultiPolygon", "coordinates": [ [ [ [ 75.761839141000053, 31.370744620000039 ], [ 75.761821029000032, 31.371277249000059 ], [ 75.761546057000032, 31.371267534000026 ], [ 75.761544383000057, 31.371219058000065 ], [ 75.761534950000055, 31.371181387000036 ], [ 75.761490937000076, 31.371165356000063 ], [ 75.76075327500007, 31.371148764000054 ], [ 75.760759342000028, 31.37073756500007 ], [ 75.761839141000053, 31.370744620000039 ] ] ] ] } },
{ "type": "Feature", "properties": { "field_id": 245, "field_name": "partial_173", "field_category": "partially_burnt" }, "geometry": { "type": "MultiPolygon", "coordinates": [ [ [ [ 75.761748449000038, 31.371281392000071 ], [ 75.76173930200008, 31.372263910000072 ], [ 75.76133438100004, 31.372260612000048 ], [ 75.761338360000082, 31.371266448000029 ], [ 75.761748449000038, 31.371281392000071 ] ] ] ] } },
{ "type": "Feature", "properties": { "field_id": 246, "field_name": "partial_174", "field_category": "partially_burnt" }, "geometry": { "type": "MultiPolygon", "coordinates": [ [ [ [ 75.761731256000076, 31.372286811000038 ], [ 75.761743827000032, 31.37278350400004 ], [ 75.76135425800004, 31.372767654000029 ], [ 75.761338375000037, 31.372277112000063 ], [ 75.761731256000076, 31.372286811000038 ] ] ] ] } },
{ "type": "Feature", "properties": { "field_id": 247, "field_name": "partial_175", "field_category": "partially_burnt" }, "geometry": { "type": "MultiPolygon", "coordinates": [ [ [ [ 75.761926385000038, 31.37371766800004 ], [ 75.760791155000049, 31.373740007000038 ], [ 75.760793480000075, 31.373522150000042 ], [ 75.760856895000074, 31.373483430000078 ], [ 75.760958162000065, 31.373483475000057 ], [ 75.761931695000044, 31.37347574100005 ], [ 75.761926385000038, 31.37371766800004 ] ] ] ] } },
{ "type": "Feature", "properties": { "field_id": 248, "field_name": "partial_176", "field_category": "partially_burnt" }, "geometry": { "type": "MultiPolygon", "coordinates": [ [ [ [ 75.759811508000041, 31.375933583000062 ], [ 75.758518683000034, 31.375713744000052 ], [ 75.758491861000039, 31.37496720300004 ], [ 75.758561598000028, 31.374935143000073 ], [ 75.758915650000063, 31.374884763000068 ], [ 75.759124862000078, 31.374871022000036 ], [ 75.759816872000044, 31.374816062000036 ], [ 75.759811508000041, 31.375933583000062 ] ] ] ] } },
{ "type": "Feature", "properties": { "field_id": 249, "field_name": "partial_177", "field_category": "partially_burnt" }, "geometry": { "type": "MultiPolygon", "coordinates": [ [ [ [ 75.818160695000074, 31.314133622000043 ], [ 75.818180459000075, 31.31454651100006 ], [ 75.818187906000048, 31.31491926800004 ], [ 75.81788778400005, 31.314903682000079 ], [ 75.817570998000065, 31.314791456000023 ], [ 75.817615854000053, 31.314680742000064 ], [ 75.817630501000053, 31.314504842000076 ], [ 75.817623548000029, 31.314160185000048 ], [ 75.817909203000056, 31.314134980000063 ], [ 75.818160695000074, 31.314133622000043 ] ] ] ] } },
{ "type": "Feature", "properties": { "field_id": 250, "field_name": "partial_178", "field_category": "partially_burnt" }, "geometry": { "type": "MultiPolygon", "coordinates": [ [ [ [ 75.819017934000044, 31.314659835000043 ], [ 75.819006349000063, 31.314682 ], [ 75.818985557000076, 31.314719689000071 ], [ 75.818942284000059, 31.314783851000072 ], [ 75.818746304000058, 31.314980565000042 ], [ 75.818747677000033, 31.314602204000039 ], [ 75.819037051000066, 31.314597750000075 ], [ 75.819017934000044, 31.314659835000043 ] ] ] ] } },
{ "type": "Feature", "properties": { "field_id": 251, "field_name": "partial_179", "field_category": "partially_burnt" }, "geometry": { "type": "MultiPolygon", "coordinates": [ [ [ [ 75.819577689000084, 31.314861605000033 ], [ 75.819552850000036, 31.314921532000028 ], [ 75.819523054000058, 31.314983900000072 ], [ 75.819379323000078, 31.315078249000067 ], [ 75.819139720000067, 31.314869320000071 ], [ 75.818968234000067, 31.314780382000038 ], [ 75.819015430000036, 31.314701705000061 ], [ 75.819038876000036, 31.314621902000056 ], [ 75.819042951000029, 31.314602652000076 ], [ 75.819038142000068, 31.314563545000055 ], [ 75.819589819000043, 31.314551670000071 ], [ 75.819577689000084, 31.314861605000033 ] ] ] ] } },
{ "type": "Feature", "properties": { "field_id": 252, "field_name": "partial_180", "field_category": "partially_burnt" }, "geometry": { "type": "MultiPolygon", "coordinates": [ [ [ [ 75.819129194000084, 31.31487601200007 ], [ 75.819351503000064, 31.315096777000065 ], [ 75.819114383000056, 31.315290449000031 ], [ 75.818729943000051, 31.315013312000076 ], [ 75.818958350000059, 31.314788149000037 ], [ 75.819129194000084, 31.31487601200007 ] ] ] ] } },
{ "type": "Feature", "properties": { "field_id": 253, "field_name": "partial_181", "field_category": "partially_burnt" }, "geometry": { "type": "MultiPolygon", "coordinates": [ [ [ [ 75.850278603000049, 31.306323600000042 ], [ 75.850271982000038, 31.305986018000056 ], [ 75.850609699000074, 31.306012421000048 ], [ 75.850598663000085, 31.306323600000042 ], [ 75.850278603000049, 31.306323600000042 ] ] ] ] } },
{ "type": "Feature", "properties": { "field_id": 254, "field_name": "partial_182", "field_category": "partially_burnt" }, "geometry": { "type": "MultiPolygon", "coordinates": [ [ [ [ 75.814963187000046, 31.316830202000062 ], [ 75.814938252000047, 31.316614144000027 ], [ 75.814396825000074, 31.316635446000078 ], [ 75.814375452000036, 31.316422430000046 ], [ 75.815476119000039, 31.316407216000073 ], [ 75.81549392900007, 31.316818030000036 ], [ 75.814963187000046, 31.316830202000062 ] ] ] ] } },
{ "type": "Feature", "properties": { "field_id": 255, "field_name": "partial_183", "field_category": "partially_burnt" }, "geometry": { "type": "MultiPolygon", "coordinates": [ [ [ [ 75.817273771000032, 31.310458994000044 ], [ 75.817292151000061, 31.309666008000079 ], [ 75.818064081000045, 31.30964638100005 ], [ 75.818096245000049, 31.310447217000046 ], [ 75.817273771000032, 31.310458994000044 ] ] ] ] } },
{ "type": "Feature", "properties": { "field_id": 256, "field_name": "partial_184", "field_category": "partially_burnt" }, "geometry": { "type": "MultiPolygon", "coordinates": [ [ [ [ 75.81689424800004, 31.309161972000027 ], [ 75.816735867000034, 31.308620702000042 ], [ 75.817381271000045, 31.308610553000051 ], [ 75.81738523000007, 31.309128143000066 ], [ 75.81689424800004, 31.309161972000027 ] ] ] ] } },
{ "type": "Feature", "properties": { "field_id": 257, "field_name": "partial_185", "field_category": "partially_burnt" }, "geometry": { "type": "MultiPolygon", "coordinates": [ [ [ [ 75.819313523000062, 31.309608123000032 ], [ 75.819296319000046, 31.309106709000048 ], [ 75.820091647000083, 31.309091025000043 ], [ 75.820104724000032, 31.309582983000041 ], [ 75.819313523000062, 31.309608123000032 ] ] ] ] } },
{ "type": "Feature", "properties": { "field_id": 258, "field_name": "partial_186", "field_category": "partially_burnt" }, "geometry": { "type": "MultiPolygon", "coordinates": [ [ [ [ 75.818741375000059, 31.309610916000054 ], [ 75.818744645000038, 31.309113170000046 ], [ 75.819278417000078, 31.309106031000056 ], [ 75.819290637000051, 31.309608123000032 ], [ 75.818741375000059, 31.309610916000054 ] ] ] ] } },
{ "type": "Feature", "properties": { "field_id": 259, "field_name": "partial_187", "field_category": "partially_burnt" }, "geometry": { "type": "MultiPolygon", "coordinates": [ [ [ [ 75.819704425000054, 31.309066792000067 ], [ 75.819676204000075, 31.308510195000053 ], [ 75.820188390000055, 31.308490025000026 ], [ 75.820230597000034, 31.309059411000078 ], [ 75.819704425000054, 31.309066792000067 ] ] ] ] } },
{ "type": "Feature", "properties": { "field_id": 260, "field_name": "partial_188", "field_category": "partially_burnt" }, "geometry": { "type": "MultiPolygon", "coordinates": [ [ [ [ 75.818770800000038, 31.309099740000079 ], [ 75.818747914000085, 31.308569008000063 ], [ 75.819664100000068, 31.308509946000072 ], [ 75.819686238000031, 31.309066220000034 ], [ 75.818770800000038, 31.309099740000079 ] ] ] ] } },
{ "type": "Feature", "properties": { "field_id": 261, "field_name": "partial_189", "field_category": "partially_burnt" }, "geometry": { "type": "MultiPolygon", "coordinates": [ [ [ [ 75.818414432000054, 31.311298055000066 ], [ 75.818397338000068, 31.310765923000076 ], [ 75.81881984100005, 31.310746236000057 ], [ 75.818836188000034, 31.311295261000055 ], [ 75.818414432000054, 31.311298055000066 ] ] ] ] } },
{ "type": "Feature", "properties": { "field_id": 262, "field_name": "partial_190", "field_category": "partially_burnt" }, "geometry": { "type": "MultiPolygon", "coordinates": [ [ [ [ 75.817895342000043, 31.311326524000037 ], [ 75.817855362000046, 31.310786888000052 ], [ 75.818375200000048, 31.310770128000058 ], [ 75.818396156000063, 31.311304919000065 ], [ 75.817895342000043, 31.311326524000037 ] ] ] ] } },
{ "type": "Feature", "properties": { "field_id": 263, "field_name": "unburnt_1", "field_category": "unburnt" }, "geometry": { "type": "MultiPolygon", "coordinates": [ [ [ [ 75.758480257000031, 31.374377576000029 ], [ 75.758381015000055, 31.373729496000067 ], [ 75.759295648000034, 31.373702016000038 ], [ 75.759641653000074, 31.373706596000034 ], [ 75.760043985000038, 31.373713466000027 ], [ 75.760057396000036, 31.374279105000028 ], [ 75.759703344000059, 31.374304295000059 ], [ 75.759695297000064, 31.374540168000067 ], [ 75.759636289000071, 31.374565358000041 ], [ 75.759537047000038, 31.374573373000032 ], [ 75.759491450000041, 31.374559633000047 ], [ 75.759452558000078, 31.374524138000027 ], [ 75.759440488000052, 31.374495512000067 ], [ 75.759436464000032, 31.374364981000042 ], [ 75.759432441000058, 31.374250480000057 ], [ 75.758784688000048, 31.374268800000038 ], [ 75.758735067000032, 31.374269945000037 ], [ 75.758714950000069, 31.374300860000062 ], [ 75.758724338000036, 31.374372996000034 ], [ 75.758488303000036, 31.374387881000075 ], [ 75.758480257000031, 31.374377576000029 ] ] ] ] } },
{ "type": "Feature", "properties": { "field_id": 264, "field_name": "unburnt_2", "field_category": "unburnt" }, "geometry": { "type": "MultiPolygon", "coordinates": [ [ [ [ 75.758712754000044, 31.368717468000057 ], [ 75.759018526000034, 31.368706018000069 ], [ 75.759326980000083, 31.368698002000031 ], [ 75.759347096000056, 31.36881709000005 ], [ 75.759487912000054, 31.368815945000051 ], [ 75.759556309000061, 31.368813655000054 ], [ 75.759872809000058, 31.368810220000057 ], [ 75.760040447000051, 31.36880793000006 ], [ 75.760048494000046, 31.368574333000026 ], [ 75.760092750000069, 31.368558302000054 ], [ 75.760330126000042, 31.368544561000078 ], [ 75.760484353000038, 31.368542271000024 ], [ 75.760672108000051, 31.368558302000054 ], [ 75.760682836000058, 31.368823961000032 ], [ 75.760684178000076, 31.369076541000027 ], [ 75.76068820100005, 31.369281509000075 ], [ 75.760682836000058, 31.369476172000077 ], [ 75.760686841000052, 31.369644482000069 ], [ 75.760688182000081, 31.36965364200006 ], [ 75.760626492000029, 31.369654787000059 ], [ 75.760324743000069, 31.36966280300004 ], [ 75.759848651000084, 31.369665093000037 ], [ 75.759522763000064, 31.369661658000041 ], [ 75.759042647000058, 31.36966280300004 ], [ 75.758986321000066, 31.369665093000037 ], [ 75.758923289000052, 31.369401726000035 ], [ 75.758869645000061, 31.369187597000064 ], [ 75.758765622000055, 31.368877780000048 ], [ 75.758712754000044, 31.368717468000057 ] ] ] ] } },
{ "type": "Feature", "properties": { "field_id": 265, "field_name": "unburnt_3", "field_category": "unburnt" }, "geometry": { "type": "MultiPolygon", "coordinates": [ [ [ [ 75.760403208000071, 31.367415824000034 ], [ 75.760384457000043, 31.366979221000065 ], [ 75.760365428000057, 31.366556247000062 ], [ 75.760377247000065, 31.366543221000029 ], [ 75.760416977000034, 31.366524041000048 ], [ 75.760461570000075, 31.366508582000051 ], [ 75.760483699000076, 31.366452472000049 ], [ 75.760615127000051, 31.366452472000049 ], [ 75.761240082000029, 31.366458197000043 ], [ 75.761244439000052, 31.366362008000067 ], [ 75.76122465800006, 31.365942896000035 ], [ 75.76124410500006, 31.36567493900003 ], [ 75.761293726000076, 31.365638295000053 ], [ 75.761497574000032, 31.365639440000052 ], [ 75.761932092000052, 31.365617683000039 ], [ 75.761944162000077, 31.365949767000075 ], [ 75.762494014000083, 31.365932590000057 ], [ 75.762496697000074, 31.366160468000032 ], [ 75.762502061000077, 31.366389491000064 ], [ 75.76250340200005, 31.366704395000056 ], [ 75.762508767000043, 31.36682692200003 ], [ 75.76270054500003, 31.366833792000079 ], [ 75.762834655000063, 31.366834937000078 ], [ 75.76301168100008, 31.366828067000029 ], [ 75.763253080000084, 31.366833792000079 ], [ 75.763469632000067, 31.366848538000056 ], [ 75.763552780000055, 31.366859989000034 ], [ 75.763552780000055, 31.36692182400003 ], [ 75.763546075000079, 31.366997401000049 ], [ 75.763534005000054, 31.367046640000069 ], [ 75.763517912000054, 31.367078703000061 ], [ 75.763483043000065, 31.367097025000078 ], [ 75.763420011000051, 31.367106186000058 ], [ 75.763342227000066, 31.367109621000054 ], [ 75.763202752000041, 31.367108476000055 ], [ 75.763084735000064, 31.367093590000025 ], [ 75.762918438000042, 31.36707984800006 ], [ 75.762721296000052, 31.367066107000028 ], [ 75.76257109200003, 31.367066107000028 ], [ 75.762445028000059, 31.367080994000048 ], [ 75.762119140000038, 31.36713824900005 ], [ 75.761844213000074, 31.367194359000052 ], [ 75.761628295000037, 31.36723100200004 ], [ 75.761266197000054, 31.367290547000039 ], [ 75.761027481000042, 31.367356963000077 ], [ 75.760812904000034, 31.367410782000036 ], [ 75.760544683000035, 31.367488649000052 ], [ 75.760395820000042, 31.367528727000035 ], [ 75.760403208000071, 31.367415824000034 ] ] ] ] } },
{ "type": "Feature", "properties": { "field_id": 266, "field_name": "unburnt_4", "field_category": "unburnt" }, "geometry": { "type": "MultiPolygon", "coordinates": [ [ [ [ 75.759985322000034, 31.365921582000055 ], [ 75.759993368000039, 31.365174963000072 ], [ 75.760006779000037, 31.36503983800003 ], [ 75.760352784000077, 31.36503983800003 ], [ 75.761001879000048, 31.36502151600007 ], [ 75.761013949000073, 31.365429181000025 ], [ 75.76098980900008, 31.365458954000076 ], [ 75.760957622000035, 31.365474986000038 ], [ 75.760367536000047, 31.365486437000072 ], [ 75.760358149000069, 31.365508194000029 ], [ 75.76035680800004, 31.365715126000055 ], [ 75.760427886000059, 31.365715126000055 ], [ 75.760476166000046, 31.365762076000067 ], [ 75.760482871000079, 31.365915521000034 ], [ 75.759985322000034, 31.365921582000055 ] ] ] ] } },
{ "type": "Feature", "properties": { "field_id": 267, "field_name": "unburnt_5", "field_category": "unburnt" }, "geometry": { "type": "MultiPolygon", "coordinates": [ [ [ [ 75.758132251000063, 31.364354744000025 ], [ 75.75810677000004, 31.363964252000073 ], [ 75.758279773000083, 31.363955091000037 ], [ 75.758539947000031, 31.36394249500006 ], [ 75.758525195000061, 31.363669951000077 ], [ 75.758526536000034, 31.363626436000061 ], [ 75.759655746000078, 31.363612694000039 ], [ 75.760163545000069, 31.363613178000037 ], [ 75.760156839000047, 31.363729982000052 ], [ 75.760116606000054, 31.364053066000054 ], [ 75.760033458000066, 31.364488218000076 ], [ 75.759027629000059, 31.364451573000053 ], [ 75.758236378000049, 31.364416074000076 ], [ 75.75818541600006, 31.364401188000045 ], [ 75.758132251000063, 31.364354744000025 ] ] ] ] } },
{ "type": "Feature", "properties": { "field_id": 268, "field_name": "unburnt_6", "field_category": "unburnt" }, "geometry": { "type": "MultiPolygon", "coordinates": [ [ [ [ 75.753683970000054, 31.367175492000058 ], [ 75.75434647600008, 31.367191523000031 ], [ 75.754354522000085, 31.368041184000049 ], [ 75.753692017000049, 31.368057215000078 ], [ 75.753683970000054, 31.367175492000058 ] ] ] ] } },
{ "type": "Feature", "properties": { "field_id": 269, "field_name": "unburnt_7", "field_category": "unburnt" }, "geometry": { "type": "MultiPolygon", "coordinates": [ [ [ [ 75.52090557300005, 31.428470220000065 ], [ 75.52088679700006, 31.428201296000054 ], [ 75.521073211000044, 31.428202441000053 ], [ 75.52200259600005, 31.428218462000075 ], [ 75.522011984000073, 31.428237916000057 ], [ 75.522020031000068, 31.428305433000048 ], [ 75.522040147000041, 31.428311155000074 ], [ 75.522254724000049, 31.428313443000036 ], [ 75.522264112000073, 31.42832145400007 ], [ 75.522262771000044, 31.428723122000065 ], [ 75.522702653000067, 31.428735710000069 ], [ 75.522712376000072, 31.429184580000026 ], [ 75.522704664000059, 31.429641461000074 ], [ 75.52201567000003, 31.429640603000053 ], [ 75.522012485000062, 31.429173854000055 ], [ 75.52201868800006, 31.428853581000055 ], [ 75.521310585000037, 31.428844997000056 ], [ 75.521306562000063, 31.428464213000041 ], [ 75.52090557300005, 31.428470220000065 ] ] ] ] } },
{ "type": "Feature", "properties": { "field_id": 270, "field_name": "unburnt_8", "field_category": "unburnt" }, "geometry": { "type": "MultiPolygon", "coordinates": [ [ [ [ 75.522041178000052, 31.430866661000039 ], [ 75.522684908000031, 31.430866661000039 ], [ 75.522715753000057, 31.430868950000047 ], [ 75.52272111800005, 31.430899846000045 ], [ 75.522713071000055, 31.431398770000044 ], [ 75.522047883000084, 31.431425089000072 ], [ 75.522041178000052, 31.430866661000039 ] ] ] ] } },
{ "type": "Feature", "properties": { "field_id": 271, "field_name": "unburnt_9", "field_category": "unburnt" }, "geometry": { "type": "MultiPolygon", "coordinates": [ [ [ [ 75.522340882000037, 31.431443392000062 ], [ 75.522339331000069, 31.432014404000029 ], [ 75.522024171000055, 31.43200753800005 ], [ 75.52201612500005, 31.431463989000065 ], [ 75.522340882000037, 31.431443392000062 ] ] ] ] } },
{ "type": "Feature", "properties": { "field_id": 272, "field_name": "unburnt_10", "field_category": "unburnt" }, "geometry": { "type": "MultiPolygon", "coordinates": [ [ [ [ 75.522351611000033, 31.43144939900003 ], [ 75.52270700300005, 31.431436812000072 ], [ 75.522704321000049, 31.432030711000039 ], [ 75.522358316000066, 31.432015835000072 ], [ 75.522351611000033, 31.43144939900003 ] ] ] ] } },
{ "type": "Feature", "properties": { "field_id": 273, "field_name": "unburnt_11", "field_category": "unburnt" }, "geometry": { "type": "MultiPolygon", "coordinates": [ [ [ [ 75.522031028000072, 31.432012568000061 ], [ 75.522698898000044, 31.432044608000069 ], [ 75.522698898000044, 31.432520640000064 ], [ 75.522025663000079, 31.432540093000057 ], [ 75.522031028000072, 31.432012568000061 ] ] ] ] } },
{ "type": "Feature", "properties": { "field_id": 274, "field_name": "unburnt_12", "field_category": "unburnt" }, "geometry": { "type": "MultiPolygon", "coordinates": [ [ [ [ 75.528002925000067, 31.432394729000066 ], [ 75.527981467000075, 31.432353534000072 ], [ 75.527989514000069, 31.432312339000077 ], [ 75.528013654000063, 31.432264278000048 ], [ 75.528037794000056, 31.432223083000054 ], [ 75.528123624000045, 31.432149847000062 ], [ 75.528193362000081, 31.432099498000071 ], [ 75.528245665000043, 31.432054870000059 ], [ 75.528276510000069, 31.432035416000076 ], [ 75.528273828000067, 31.432006809000029 ], [ 75.52836904600008, 31.431996510000033 ], [ 75.528570212000034, 31.431994221000025 ], [ 75.528731145000052, 31.431996510000033 ], [ 75.528914876000044, 31.43200108700006 ], [ 75.529073126000071, 31.43200566400003 ], [ 75.529150910000055, 31.432007953000038 ], [ 75.529152252000074, 31.432194475000074 ], [ 75.529147912000042, 31.432475769000064 ], [ 75.529278157000078, 31.432481023000037 ], [ 75.529550105000055, 31.432483767000065 ], [ 75.529757158000052, 31.432482278000066 ], [ 75.529772172000037, 31.432749301000058 ], [ 75.529770290000044, 31.433013262000031 ], [ 75.529780078000044, 31.433446192000076 ], [ 75.52930437200007, 31.433446097000058 ], [ 75.528577879000068, 31.433440282000049 ], [ 75.528044889000057, 31.433437803000061 ], [ 75.528054478000058, 31.433009456000036 ], [ 75.527516399000035, 31.433008765000068 ], [ 75.527231006000079, 31.433002871000042 ], [ 75.527084286000047, 31.433001068000067 ], [ 75.526967070000069, 31.433012997000048 ], [ 75.526943193000079, 31.432991083000047 ], [ 75.527436851000061, 31.432670021000035 ], [ 75.527699772000062, 31.432494613000074 ], [ 75.527784293000082, 31.432430940000074 ], [ 75.527861423000047, 31.43240368000005 ], [ 75.527929492000055, 31.432395772000064 ], [ 75.528002925000067, 31.432394729000066 ] ] ] ] } },
{ "type": "Feature", "properties": { "field_id": 275, "field_name": "unburnt_13", "field_category": "unburnt" }, "geometry": { "type": "MultiPolygon", "coordinates": [ [ [ [ 75.529763598000045, 31.431936818000054 ], [ 75.529763598000045, 31.431380681000064 ], [ 75.530152519000069, 31.431387547000043 ], [ 75.530356366000035, 31.431387547000043 ], [ 75.530479748000062, 31.43139670100004 ], [ 75.530447562000063, 31.432568475000039 ], [ 75.530423422000069, 31.432602804000055 ], [ 75.530380506000029, 31.432611959000042 ], [ 75.529833336000081, 31.432618825000077 ], [ 75.529809196000031, 31.432595939000066 ], [ 75.529798467000035, 31.432488374000059 ], [ 75.529774327000041, 31.432460911000078 ], [ 75.529763598000045, 31.431936818000054 ] ] ] ] } },
{ "type": "Feature", "properties": { "field_id": 276, "field_name": "unburnt_14", "field_category": "unburnt" }, "geometry": { "type": "MultiPolygon", "coordinates": [ [ [ [ 75.531885342000066, 31.425969947000056 ], [ 75.532636360000083, 31.42600313500003 ], [ 75.532573328000069, 31.426514673000042 ], [ 75.531884, 31.426503229000048 ], [ 75.531885342000066, 31.425969947000056 ] ] ] ] } },
{ "type": "Feature", "properties": { "field_id": 277, "field_name": "unburnt_15", "field_category": "unburnt" }, "geometry": { "type": "MultiPolygon", "coordinates": [ [ [ [ 75.526935860000037, 31.421653853000066 ], [ 75.527652010000054, 31.421658431000026 ], [ 75.52761012600007, 31.423510286000067 ], [ 75.526952984000047, 31.423507997000058 ], [ 75.526935860000037, 31.421653853000066 ] ] ] ] } },
{ "type": "Feature", "properties": { "field_id": 278, "field_name": "unburnt_16", "field_category": "unburnt" }, "geometry": { "type": "MultiPolygon", "coordinates": [ [ [ [ 75.526219317000084, 31.42325492100008 ], [ 75.526208588000031, 31.422923040000057 ], [ 75.526940831000047, 31.422934484000052 ], [ 75.526943514000038, 31.423250343000063 ], [ 75.526219317000084, 31.42325492100008 ] ] ] ] } },
{ "type": "Feature", "properties": { "field_id": 279, "field_name": "unburnt_17", "field_category": "unburnt" }, "geometry": { "type": "MultiPolygon", "coordinates": [ [ [ [ 75.524819204000039, 31.423238899000069 ], [ 75.524811157000045, 31.422971105000045 ], [ 75.526197859000035, 31.422961950000058 ], [ 75.526211271000079, 31.423250343000063 ], [ 75.525515237000036, 31.423251490000041 ], [ 75.525518590000047, 31.423773914000037 ], [ 75.525437620000048, 31.423784357000045 ], [ 75.524825573000044, 31.423785644000077 ], [ 75.524819204000039, 31.423238899000069 ] ] ] ] } },
{ "type": "Feature", "properties": { "field_id": 280, "field_name": "unburnt_18", "field_category": "unburnt" }, "geometry": { "type": "MultiPolygon", "coordinates": [ [ [ [ 75.480049213000029, 31.286631249000038 ], [ 75.479995569000039, 31.286143017000029 ], [ 75.480577609000079, 31.286122387000034 ], [ 75.480604431000074, 31.286447876000068 ], [ 75.480312070000082, 31.286475382000049 ], [ 75.480314752000083, 31.28653956200003 ], [ 75.480234286000041, 31.286631249000038 ], [ 75.480049213000029, 31.286631249000038 ] ] ] ] } },
{ "type": "Feature", "properties": { "field_id": 281, "field_name": "unburnt_19", "field_category": "unburnt" }, "geometry": { "type": "MultiPolygon", "coordinates": [ [ [ [ 75.479535967000061, 31.285410105000039 ], [ 75.479527920000066, 31.285025016000077 ], [ 75.479959756000085, 31.285018140000034 ], [ 75.479967802000033, 31.285043354000038 ], [ 75.480626285000085, 31.28504220800005 ], [ 75.480620920000035, 31.285399790000042 ], [ 75.479979872000058, 31.285411251000028 ], [ 75.479975849000084, 31.285399790000042 ], [ 75.479535967000061, 31.285410105000039 ] ] ] ] } },
{ "type": "Feature", "properties": { "field_id": 282, "field_name": "unburnt_20", "field_category": "unburnt" }, "geometry": { "type": "MultiPolygon", "coordinates": [ [ [ [ 75.477540733000069, 31.28232461500005 ], [ 75.477560850000032, 31.281815730000062 ], [ 75.477727147000053, 31.281813438000029 ], [ 75.477877351000075, 31.28181687700004 ], [ 75.477994027000079, 31.281823753000026 ], [ 75.478083881000032, 31.281856991000041 ], [ 75.47817105200005, 31.281886791000034 ], [ 75.478219332000037, 31.281895960000043 ], [ 75.478203239000038, 31.281954413000051 ], [ 75.478195192000044, 31.282025474000079 ], [ 75.47820592100004, 31.282071319000067 ], [ 75.478417816000047, 31.282047537000039 ], [ 75.478533151000079, 31.282065016000047 ], [ 75.478533151000079, 31.282132064000052 ], [ 75.478538515000082, 31.282181348000051 ], [ 75.478541197000084, 31.28226730800003 ], [ 75.47853583300008, 31.282299400000056 ], [ 75.478545221000047, 31.28232003100004 ], [ 75.478561314000046, 31.282511943000031 ], [ 75.478568019000079, 31.282671255000025 ], [ 75.478250178000053, 31.282670109000037 ], [ 75.477874668000084, 31.282666670000026 ], [ 75.477855893000083, 31.282338877000029 ], [ 75.477540733000069, 31.28232461500005 ] ] ] ] } },
{ "type": "Feature", "properties": { "field_id": 283, "field_name": "unburnt_21", "field_category": "unburnt" }, "geometry": { "type": "MultiPolygon", "coordinates": [ [ [ [ 75.477434947000063, 31.285004980000053 ], [ 75.477430924000032, 31.284715016000064 ], [ 75.47773535400006, 31.284726477000049 ], [ 75.477732672000059, 31.285004980000053 ], [ 75.477434947000063, 31.285004980000053 ] ] ] ] } },
{ "type": "Feature", "properties": { "field_id": 284, "field_name": "unburnt_22", "field_category": "unburnt" }, "geometry": { "type": "MultiPolygon", "coordinates": [ [ [ [ 75.522010207000051, 31.425534249000066 ], [ 75.52199143200005, 31.424627889000078 ], [ 75.522648573000083, 31.424618733000045 ], [ 75.522648573000083, 31.425376323000023 ], [ 75.522010207000051, 31.425534249000066 ] ] ] ] } },
{ "type": "Feature", "properties": { "field_id": 285, "field_name": "unburnt_23", "field_category": "unburnt" }, "geometry": { "type": "MultiPolygon", "coordinates": [ [ [ [ 75.813729399000067, 31.319793050000044 ], [ 75.813713306000068, 31.319527252000057 ], [ 75.814123684000037, 31.319492882000077 ], [ 75.814150506000033, 31.319779302000029 ], [ 75.813729399000067, 31.319793050000044 ] ] ] ] } },
{ "type": "Feature", "properties": { "field_id": 286, "field_name": "unburnt_24", "field_category": "unburnt" }, "geometry": { "type": "MultiPolygon", "coordinates": [ [ [ [ 75.816303162000054, 31.318544451000037 ], [ 75.816265611000063, 31.317909735000057 ], [ 75.817105142000059, 31.317889112000046 ], [ 75.817150740000045, 31.31847570900004 ], [ 75.817051498000069, 31.318551325000044 ], [ 75.816303162000054, 31.318544451000037 ] ] ] ] } },
{ "type": "Feature", "properties": { "field_id": 287, "field_name": "unburnt_25", "field_category": "unburnt" }, "geometry": { "type": "MultiPolygon", "coordinates": [ [ [ [ 75.814809171000036, 31.319034806000047 ], [ 75.814776985000037, 31.318794211000068 ], [ 75.815479724000056, 31.318755258000067 ], [ 75.81550386300006, 31.318984396000076 ], [ 75.814809171000036, 31.319034806000047 ] ] ] ] } },
{ "type": "Feature", "properties": { "field_id": 288, "field_name": "unburnt_26", "field_category": "unburnt" }, "geometry": { "type": "MultiPolygon", "coordinates": [ [ [ [ 75.818250586000033, 31.313977266000052 ], [ 75.818207670000049, 31.312881354000069 ], [ 75.818907727000067, 31.312837815000023 ], [ 75.819379796000078, 31.312830940000026 ], [ 75.81955950400004, 31.312975306000055 ], [ 75.819580961000042, 31.313390071000072 ], [ 75.818945278000058, 31.313605473000052 ], [ 75.818945278000058, 31.314033983000058 ], [ 75.818652917000065, 31.314024817000075 ], [ 75.818435658000055, 31.314008777000026 ], [ 75.818250586000033, 31.313977266000052 ] ] ] ] } },
{ "type": "Feature", "properties": { "field_id": 289, "field_name": "unburnt_27", "field_category": "unburnt" }, "geometry": { "type": "MultiPolygon", "coordinates": [ [ [ [ 75.557595143000071, 31.429242359000057 ], [ 75.558340798000074, 31.429219473000046 ], [ 75.558383881000054, 31.429818655000076 ], [ 75.558332919000065, 31.429825521000055 ], [ 75.558252452000033, 31.429800345000046 ], [ 75.558062015000075, 31.429708798000036 ], [ 75.55794131600004, 31.429617251000025 ], [ 75.557847439000057, 31.429518838000035 ], [ 75.557707964000031, 31.429381517000024 ], [ 75.557595143000071, 31.429242359000057 ] ] ] ] } },
{ "type": "Feature", "properties": { "field_id": 290, "field_name": "unburnt_28", "field_category": "unburnt" }, "geometry": { "type": "MultiPolygon", "coordinates": [ [ [ [ 75.561528743000054, 31.430361209000068 ], [ 75.561888159000034, 31.429663165000079 ], [ 75.56357795100007, 31.429706650000071 ], [ 75.56359404400007, 31.430379518000052 ], [ 75.561528743000054, 31.430361209000068 ] ] ] ] } },
{ "type": "Feature", "properties": { "field_id": 291, "field_name": "unburnt_29", "field_category": "unburnt" }, "geometry": { "type": "MultiPolygon", "coordinates": [ [ [ [ 75.849553069000081, 31.303850497000042 ], [ 75.849538317000054, 31.303553715000078 ], [ 75.849402865000059, 31.303544548000048 ], [ 75.849421641000049, 31.303105677000076 ], [ 75.850060006000035, 31.303119428000059 ], [ 75.850054642000032, 31.303875706000042 ], [ 75.849553069000081, 31.303850497000042 ] ] ] ] } },
{ "type": "Feature", "properties": { "field_id": 292, "field_name": "unburnt_30", "field_category": "unburnt" }, "geometry": { "type": "MultiPolygon", "coordinates": [ [ [ [ 75.848026229000084, 31.308858830000077 ], [ 75.847999407000032, 31.308450921000031 ], [ 75.847275211000067, 31.308432588000073 ], [ 75.847312762000058, 31.30774967900004 ], [ 75.847902848000047, 31.307768012000054 ], [ 75.849045469000032, 31.308735082000055 ], [ 75.849056197000039, 31.308955078000054 ], [ 75.848026229000084, 31.308858830000077 ] ] ] ] } },
{ "type": "Feature", "properties": { "field_id": 293, "field_name": "unburnt_31", "field_category": "unburnt" }, "geometry": { "type": "MultiPolygon", "coordinates": [ [ [ [ 75.845083933000069, 31.301577878000046 ], [ 75.845051746000081, 31.301105766000035 ], [ 75.845180493000043, 31.301064513000028 ], [ 75.845169764000048, 31.300551146000032 ], [ 75.846682530000066, 31.300546563000069 ], [ 75.846714716000065, 31.301041595000072 ], [ 75.845711570000049, 31.301092015000052 ], [ 75.845722299000045, 31.301596212000049 ], [ 75.845083933000069, 31.301577878000046 ] ] ] ] } },
{ "type": "Feature", "properties": { "field_id": 294, "field_name": "unburnt_32", "field_category": "unburnt" }, "geometry": { "type": "MultiPolygon", "coordinates": [ [ [ [ 75.842532609000045, 31.301860762000047 ], [ 75.842535291000047, 31.301322190000064 ], [ 75.843229984000061, 31.301317606000055 ], [ 75.843240712000068, 31.301083842000025 ], [ 75.843562577000057, 31.301083842000025 ], [ 75.843575988000055, 31.301606373000027 ], [ 75.843248759000062, 31.301615540000057 ], [ 75.843216572000074, 31.301890556000046 ], [ 75.842532609000045, 31.301860762000047 ] ] ] ] } },
{ "type": "Feature", "properties": { "field_id": 295, "field_name": "unburnt_33", "field_category": "unburnt" }, "geometry": { "type": "MultiPolygon", "coordinates": [ [ [ [ 75.840724594000051, 31.303462596000031 ], [ 75.840032584000085, 31.303467179000052 ], [ 75.840048677000084, 31.302403800000036 ], [ 75.840697772000055, 31.302408383000056 ], [ 75.840762145000042, 31.302339630000063 ], [ 75.841287858000044, 31.302348797000036 ], [ 75.841448791000062, 31.303618435000033 ], [ 75.840778238000041, 31.30365968600006 ], [ 75.840724594000051, 31.303462596000031 ] ] ] ] } },
{ "type": "Feature", "properties": { "field_id": 296, "field_name": "unburnt_34", "field_category": "unburnt" }, "geometry": { "type": "MultiPolygon", "coordinates": [ [ [ [ 75.84067095000006, 31.304512213000066 ], [ 75.840606577000074, 31.303953030000059 ], [ 75.840703136000059, 31.303962197000033 ], [ 75.840692408000052, 31.30365051900003 ], [ 75.841432697000073, 31.303641352000056 ], [ 75.841464884000061, 31.30453054700007 ], [ 75.84067095000006, 31.304512213000066 ] ] ] ] } },
{ "type": "Feature", "properties": { "field_id": 297, "field_name": "unburnt_35", "field_category": "unburnt" }, "geometry": { "type": "MultiPolygon", "coordinates": [ [ [ [ 75.841498570000056, 31.304515590000051 ], [ 75.84128935800004, 31.302352174000077 ], [ 75.842271046000064, 31.302352174000077 ], [ 75.84248025900007, 31.302466763000041 ], [ 75.843016701000067, 31.302998454000033 ], [ 75.844443636000051, 31.304511006000041 ], [ 75.841498570000056, 31.304547674000048 ], [ 75.841498570000056, 31.304515590000051 ] ] ] ] } },
{ "type": "Feature", "properties": { "field_id": 298, "field_name": "unburnt_36", "field_category": "unburnt" }, "geometry": { "type": "MultiPolygon", "coordinates": [ [ [ [ 75.838601105000066, 31.303222981000033 ], [ 75.838606469000069, 31.302329191000069 ], [ 75.839260928000044, 31.302301689000046 ], [ 75.839239471000042, 31.303245898000057 ], [ 75.838601105000066, 31.303222981000033 ] ] ] ] } },
{ "type": "Feature", "properties": { "field_id": 299, "field_name": "unburnt_37", "field_category": "unburnt" }, "geometry": { "type": "MultiPolygon", "coordinates": [ [ [ [ 75.836423388000071, 31.30321381400006 ], [ 75.836428752000074, 31.30248503200005 ], [ 75.837211957000079, 31.302466697000057 ], [ 75.837183676000052, 31.302365859000076 ], [ 75.83858378900004, 31.302361276000056 ], [ 75.838578424000048, 31.303218397000023 ], [ 75.836423388000071, 31.30321381400006 ] ] ] ] } },
{ "type": "Feature", "properties": { "field_id": 300, "field_name": "unburnt_38", "field_category": "unburnt" }, "geometry": { "type": "MultiPolygon", "coordinates": [ [ [ [ 75.835110716000031, 31.304458168000053 ], [ 75.835113398000033, 31.303894401000036 ], [ 75.83540307700008, 31.30388752600004 ], [ 75.835424534000083, 31.303965445000074 ], [ 75.83597706900008, 31.303958570000077 ], [ 75.83597706900008, 31.304469626000071 ], [ 75.835110716000031, 31.304458168000053 ] ] ] ] } },
{ "type": "Feature", "properties": { "field_id": 301, "field_name": "unburnt_39", "field_category": "unburnt" }, "geometry": { "type": "MultiPolygon", "coordinates": [ [ [ [ 75.832918769000059, 31.304295923000041 ], [ 75.83284903200007, 31.303470896000078 ], [ 75.83408821300003, 31.303397559000075 ], [ 75.834152586000073, 31.304227171000036 ], [ 75.832918769000059, 31.304295923000041 ] ] ] ] } },
{ "type": "Feature", "properties": { "field_id": 302, "field_name": "unburnt_40", "field_category": "unburnt" }, "geometry": { "type": "MultiPolygon", "coordinates": [ [ [ [ 75.833836962000078, 31.305033011000035 ], [ 75.833501686000034, 31.304936759000043 ], [ 75.833576788000073, 31.30427674200007 ], [ 75.834502150000048, 31.30425153300007 ], [ 75.833836962000078, 31.305033011000035 ] ] ] ] } },
{ "type": "Feature", "properties": { "field_id": 303, "field_name": "unburnt_41", "field_category": "unburnt" }, "geometry": { "type": "MultiPolygon", "coordinates": [ [ [ [ 75.834527368000067, 31.304224125000076 ], [ 75.834157223000034, 31.304242459000079 ], [ 75.834108944000036, 31.303385347000074 ], [ 75.834178681000083, 31.30331201100006 ], [ 75.835358853000059, 31.303334928000027 ], [ 75.834527368000067, 31.304224125000076 ] ] ] ] } },
{ "type": "Feature", "properties": { "field_id": 304, "field_name": "unburnt_42", "field_category": "unburnt" }, "geometry": { "type": "MultiPolygon", "coordinates": [ [ [ [ 75.830437389000053, 31.303793212000073 ], [ 75.830415931000061, 31.303403614000047 ], [ 75.83075389000004, 31.303362363000076 ], [ 75.830775347000042, 31.30291776100006 ], [ 75.830544677000034, 31.30285817500004 ], [ 75.830517855000039, 31.302803173000029 ], [ 75.83199843500006, 31.302784839000026 ], [ 75.832078901000045, 31.303169855000078 ], [ 75.831901875000085, 31.30341736500003 ], [ 75.831982341000071, 31.303733626000053 ], [ 75.830437389000053, 31.303793212000073 ] ] ] ] } },
{ "type": "Feature", "properties": { "field_id": 305, "field_name": "unburnt_43", "field_category": "unburnt" }, "geometry": { "type": "MultiPolygon", "coordinates": [ [ [ [ 75.82006087700006, 31.310664191000058 ], [ 75.820001868000077, 31.309596310000074 ], [ 75.821026472000085, 31.309605419000036 ], [ 75.821149853000065, 31.310627468000064 ], [ 75.82006087700006, 31.310664191000058 ] ] ] ] } },
{ "type": "Feature", "properties": { "field_id": 306, "field_name": "unburnt_44", "field_category": "unburnt" }, "geometry": { "type": "MultiPolygon", "coordinates": [ [ [ [ 75.811388739000051, 31.308767618000047 ], [ 75.812123665000058, 31.30791283800005 ], [ 75.812357017000068, 31.307940338000037 ], [ 75.812386521000064, 31.308164919000035 ], [ 75.813116082000079, 31.308155752000062 ], [ 75.813172408000071, 31.308733244000052 ], [ 75.812357017000068, 31.308758451000074 ], [ 75.811388739000051, 31.308767618000047 ] ] ] ] } },
{ "type": "Feature", "properties": { "field_id": 307, "field_name": "unburnt_45", "field_category": "unburnt" }, "geometry": { "type": "MultiPolygon", "coordinates": [ [ [ [ 75.811049041000047, 31.316576478000059 ], [ 75.811006126000052, 31.316031116000033 ], [ 75.811679360000085, 31.316005291000067 ], [ 75.81172495800007, 31.316536905000078 ], [ 75.811049041000047, 31.316576478000059 ] ] ] ] } },
{ "type": "Feature", "properties": { "field_id": 308, "field_name": "unburnt_46", "field_category": "unburnt" }, "geometry": { "type": "MultiPolygon", "coordinates": [ [ [ [ 75.811688531000073, 31.315981150000027 ], [ 75.811605382000039, 31.315460990000076 ], [ 75.81232957900005, 31.315389955000057 ], [ 75.812391269000045, 31.315944487000024 ], [ 75.811688531000073, 31.315981150000027 ] ] ] ] } },
{ "type": "Feature", "properties": { "field_id": 309, "field_name": "unburnt_47", "field_category": "unburnt" }, "geometry": { "type": "MultiPolygon", "coordinates": [ [ [ [ 75.813187449000054, 31.316653511000027 ], [ 75.813123076000068, 31.316126481000026 ], [ 75.814094036000029, 31.316121898000063 ], [ 75.814067214000033, 31.316357916000072 ], [ 75.814381032000028, 31.316353333000052 ], [ 75.814381032000028, 31.316584768000041 ], [ 75.813187449000054, 31.316653511000027 ] ] ] ] } },
{ "type": "Feature", "properties": { "field_id": 310, "field_name": "unburnt_48", "field_category": "unburnt" }, "geometry": { "type": "MultiPolygon", "coordinates": [ [ [ [ 75.81180094900003, 31.317031296000039 ], [ 75.811766080000041, 31.316550096000071 ], [ 75.813123278000035, 31.316440107000062 ], [ 75.813187651000078, 31.316992342000049 ], [ 75.812551968000037, 31.317033587000026 ], [ 75.812476866000054, 31.316999216000056 ], [ 75.81180094900003, 31.317031296000039 ] ] ] ] } },
{ "type": "Feature", "properties": { "field_id": 311, "field_name": "unburnt_49", "field_category": "unburnt" }, "geometry": { "type": "MultiPolygon", "coordinates": [ [ [ [ 75.814001531000031, 31.313367338000035 ], [ 75.813990802000035, 31.313236722000056 ], [ 75.813800365000077, 31.313239014000033 ], [ 75.813735992000034, 31.313067150000052 ], [ 75.813727946000029, 31.312966323000069 ], [ 75.816099018000045, 31.312856330000045 ], [ 75.816168756000081, 31.313264220000065 ], [ 75.814725727000052, 31.313326091000079 ], [ 75.814696223000055, 31.313351298000043 ], [ 75.814009578000082, 31.313392545000056 ], [ 75.814001531000031, 31.313367338000035 ] ] ] ] } },
{ "type": "Feature", "properties": { "field_id": 312, "field_name": "unburnt_50", "field_category": "unburnt" }, "geometry": { "type": "MultiPolygon", "coordinates": [ [ [ [ 75.655805951000048, 31.199641597000038 ], [ 75.655355339000039, 31.199347929000055 ], [ 75.655355339000039, 31.198035591000064 ], [ 75.656363850000048, 31.198026414000026 ], [ 75.656449681000083, 31.199669128000039 ], [ 75.655805951000048, 31.199641597000038 ] ] ] ] } },
{ "type": "Feature", "properties": { "field_id": 313, "field_name": "unburnt_51", "field_category": "unburnt" }, "geometry": { "type": "MultiPolygon", "coordinates": [ [ [ [ 75.645130577000032, 31.201376567000068 ], [ 75.645098391000033, 31.201899651000076 ], [ 75.644454661000054, 31.201881297000057 ], [ 75.644454661000054, 31.200825950000024 ], [ 75.645152035000081, 31.200853481000024 ], [ 75.645162764000077, 31.200495578000073 ], [ 75.64646095300003, 31.200523109000073 ], [ 75.64646095300003, 31.201293975000056 ], [ 75.645130577000032, 31.201376567000068 ] ] ] ] } },
{ "type": "Feature", "properties": { "field_id": 314, "field_name": "unburnt_52", "field_category": "unburnt" }, "geometry": { "type": "MultiPolygon", "coordinates": [ [ [ [ 75.631041079000056, 31.193185157000073 ], [ 75.631041079000056, 31.19216642400005 ], [ 75.632392912000057, 31.192120535000072 ], [ 75.632419734000052, 31.193221868000023 ], [ 75.631041079000056, 31.193185157000073 ] ] ] ] } },
{ "type": "Feature", "properties": { "field_id": 315, "field_name": "unburnt_53", "field_category": "unburnt" }, "geometry": { "type": "MultiPolygon", "coordinates": [ [ [ [ 75.626805001000037, 31.192705466000064 ], [ 75.626805001000037, 31.191640838000069 ], [ 75.628854209000053, 31.19165001600004 ], [ 75.62884884500005, 31.192687110000065 ], [ 75.626805001000037, 31.192705466000064 ] ] ] ] } },
{ "type": "Feature", "properties": { "field_id": 316, "field_name": "unburnt_54", "field_category": "unburnt" }, "geometry": { "type": "MultiPolygon", "coordinates": [ [ [ [ 75.627566147000039, 31.195728436000024 ], [ 75.627582241000084, 31.194640899000035 ], [ 75.628284979000057, 31.19471431900007 ], [ 75.628258157000062, 31.195861509000054 ], [ 75.627566147000039, 31.195728436000024 ] ] ] ] } },
{ "type": "Feature", "properties": { "field_id": 317, "field_name": "unburnt_55", "field_category": "unburnt" }, "geometry": { "type": "MultiPolygon", "coordinates": [ [ [ [ 75.617663551000078, 31.194308693000039 ], [ 75.617631364000033, 31.193780979000053 ], [ 75.616231251000045, 31.193826867000041 ], [ 75.616225887000041, 31.193395516000066 ], [ 75.617636728000036, 31.193381750000071 ], [ 75.617663551000078, 31.193253262000042 ], [ 75.618355560000055, 31.193234906000043 ], [ 75.618355560000055, 31.193808512000032 ], [ 75.618725705000031, 31.193799334000062 ], [ 75.618704248000029, 31.19434999300006 ], [ 75.618334103000052, 31.194313282000053 ], [ 75.61770110100008, 31.194299516000058 ], [ 75.617663551000078, 31.194308693000039 ] ] ] ] } },
{ "type": "Feature", "properties": { "field_id": 318, "field_name": "unburnt_56", "field_category": "unburnt" }, "geometry": { "type": "MultiPolygon", "coordinates": [ [ [ [ 75.621434116000046, 31.190510374000041 ], [ 75.621455574000038, 31.189445722000073 ], [ 75.622228050000047, 31.189418188000047 ], [ 75.622211957000047, 31.190537908000067 ], [ 75.621434116000046, 31.190510374000041 ] ] ] ] } },
{ "type": "Feature", "properties": { "field_id": 319, "field_name": "unburnt_57", "field_category": "unburnt" }, "geometry": { "type": "MultiPolygon", "coordinates": [ [ [ [ 75.619856905000063, 31.186644737000051 ], [ 75.621171188000062, 31.185614460000068 ], [ 75.62176127400005, 31.185651174000043 ], [ 75.621780049000051, 31.186022901000058 ], [ 75.621763956000052, 31.186077971000032 ], [ 75.621839058000035, 31.186084855000047 ], [ 75.621839058000035, 31.186433634000025 ], [ 75.621715676000065, 31.186408394000068 ], [ 75.621619116000034, 31.186665388000051 ], [ 75.619856905000063, 31.186644737000051 ] ] ] ] } },
{ "type": "Feature", "properties": { "field_id": 320, "field_name": "unburnt_58", "field_category": "unburnt" }, "geometry": { "type": "MultiPolygon", "coordinates": [ [ [ [ 75.625755083000058, 31.187301566000031 ], [ 75.625749718000066, 31.186154273000056 ], [ 75.626114499000039, 31.186140505000026 ], [ 75.626117181000041, 31.186821998000028 ], [ 75.626306276000037, 31.186839208000038 ], [ 75.62628079600006, 31.187278621000075 ], [ 75.625755083000058, 31.187301566000031 ] ] ] ] } },
{ "type": "Feature", "properties": { "field_id": 321, "field_name": "unburnt_59", "field_category": "unburnt" }, "geometry": { "type": "MultiPolygon", "coordinates": [ [ [ [ 75.62395971400008, 31.174701166000034 ], [ 75.62394362100008, 31.174145804000034 ], [ 75.625864083000067, 31.17419170200003 ], [ 75.62581043800003, 31.174701166000034 ], [ 75.62395971400008, 31.174701166000034 ] ] ] ] } },
{ "type": "Feature", "properties": { "field_id": 322, "field_name": "unburnt_60", "field_category": "unburnt" }, "geometry": { "type": "MultiPolygon", "coordinates": [ [ [ [ 75.627237920000084, 31.172000217000061 ], [ 75.627195005000033, 31.171789082000032 ], [ 75.627039437000064, 31.171646795000072 ], [ 75.627076987000066, 31.170889457000044 ], [ 75.627366666000057, 31.170861917000025 ], [ 75.627768997000032, 31.170903227000053 ], [ 75.627768997000032, 31.172004807000064 ], [ 75.627237920000084, 31.172000217000061 ] ] ] ] } },
{ "type": "Feature", "properties": { "field_id": 323, "field_name": "unburnt_61", "field_category": "unburnt" }, "geometry": { "type": "MultiPolygon", "coordinates": [ [ [ [ 75.627785091000078, 31.172000217000061 ], [ 75.627785091000078, 31.17089863700005 ], [ 75.628085498000075, 31.170907817000057 ], [ 75.628133778000063, 31.171995627000058 ], [ 75.627785091000078, 31.172000217000061 ] ] ] ] } },
{ "type": "Feature", "properties": { "field_id": 324, "field_name": "unburnt_62", "field_category": "unburnt" }, "geometry": { "type": "MultiPolygon", "coordinates": [ [ [ [ 75.633007861000067, 31.168424404000064 ], [ 75.633018590000063, 31.168034248000026 ], [ 75.633689142000037, 31.168041133000031 ], [ 75.633689142000037, 31.168171950000044 ], [ 75.633506752000073, 31.16818113100004 ], [ 75.633504070000072, 31.168433585000059 ], [ 75.633007861000067, 31.168424404000064 ] ] ] ] } },
{ "type": "Feature", "properties": { "field_id": 325, "field_name": "unburnt_63", "field_category": "unburnt" }, "geometry": { "type": "MultiPolygon", "coordinates": [ [ [ [ 75.635669300000075, 31.174693600000069 ], [ 75.635653206000029, 31.174142828000072 ], [ 75.635862419000034, 31.174138238000069 ], [ 75.635889241000029, 31.173578282000051 ], [ 75.63657588600006, 31.173578282000051 ], [ 75.636549064000064, 31.174165777000042 ], [ 75.636785099000065, 31.174179546000062 ], [ 75.636624166000047, 31.174689011000055 ], [ 75.635669300000075, 31.174693600000069 ] ] ] ] } },
{ "type": "Feature", "properties": { "field_id": 326, "field_name": "unburnt_64", "field_category": "unburnt" }, "geometry": { "type": "MultiPolygon", "coordinates": [ [ [ [ 75.64496110500005, 31.182260830000075 ], [ 75.644974516000048, 31.181790416000069 ], [ 75.645084487000076, 31.181742227000029 ], [ 75.645068394000077, 31.18116395900006 ], [ 75.645403670000064, 31.18117772800008 ], [ 75.645417081000062, 31.181751406000046 ], [ 75.645323203000032, 31.181753701000048 ], [ 75.645333932000085, 31.182260830000075 ], [ 75.64496110500005, 31.182260830000075 ] ] ] ] } },
{ "type": "Feature", "properties": { "field_id": 327, "field_name": "unburnt_65", "field_category": "unburnt" }, "geometry": { "type": "MultiPolygon", "coordinates": [ [ [ [ 75.638772708000033, 31.183892345000061 ], [ 75.638745886000038, 31.182827618000033 ], [ 75.639411073000076, 31.182845976000067 ], [ 75.639416438000069, 31.183396698000024 ], [ 75.640097719000039, 31.183378340000047 ], [ 75.640103083000042, 31.183929059000036 ], [ 75.638772708000033, 31.183892345000061 ] ] ] ] } },
{ "type": "Feature", "properties": { "field_id": 328, "field_name": "unburnt_66", "field_category": "unburnt" }, "geometry": { "type": "MultiPolygon", "coordinates": [ [ [ [ 75.645126474000051, 31.188947776000077 ], [ 75.645099652000056, 31.18804831500006 ], [ 75.645743382000035, 31.188052904000074 ], [ 75.645813120000071, 31.188259413000026 ], [ 75.646462214000053, 31.188286948000041 ], [ 75.646462214000053, 31.189470928000048 ], [ 75.645775569000079, 31.189498463000064 ], [ 75.645780933000083, 31.188961543000062 ], [ 75.645126474000051, 31.188947776000077 ] ] ] ] } },
{ "type": "Feature", "properties": { "field_id": 329, "field_name": "unburnt_67", "field_category": "unburnt" }, "geometry": { "type": "MultiPolygon", "coordinates": [ [ [ [ 75.630432319000079, 31.210621723000031 ], [ 75.630416226000079, 31.209910578000063 ], [ 75.631086778000054, 31.210020691000068 ], [ 75.631043863000059, 31.210273034000068 ], [ 75.631301355000062, 31.210295974000076 ], [ 75.631290626000066, 31.211149344000034 ], [ 75.630882930000041, 31.211121816000059 ], [ 75.630904388000033, 31.210649252000053 ], [ 75.630432319000079, 31.210621723000031 ] ] ] ] } },
{ "type": "Feature", "properties": { "field_id": 330, "field_name": "unburnt_68", "field_category": "unburnt" }, "geometry": { "type": "MultiPolygon", "coordinates": [ [ [ [ 75.599374408000074, 31.203219563000061 ], [ 75.599363679000078, 31.202109170000028 ], [ 75.599583620000033, 31.202109170000028 ], [ 75.599841112000036, 31.203063558000053 ], [ 75.599374408000074, 31.203219563000061 ] ] ] ] } },
{ "type": "Feature", "properties": { "field_id": 331, "field_name": "unburnt_69", "field_category": "unburnt" }, "geometry": { "type": "MultiPolygon", "coordinates": [ [ [ [ 75.59587255200006, 31.202823986000055 ], [ 75.59587255200006, 31.20203477900003 ], [ 75.595974476000038, 31.202002660000062 ], [ 75.595969112000034, 31.201479577000043 ], [ 75.596709401000055, 31.201497931000063 ], [ 75.596698673000049, 31.202043956000068 ], [ 75.59655919800008, 31.202043956000068 ], [ 75.596575291000079, 31.202851517000056 ], [ 75.59587255200006, 31.202823986000055 ] ] ] ] } },
{ "type": "Feature", "properties": { "field_id": 332, "field_name": "unburnt_70", "field_category": "unburnt" }, "geometry": { "type": "MultiPolygon", "coordinates": [ [ [ [ 75.591989431000059, 31.201488791000031 ], [ 75.592657301000031, 31.200867053000024 ], [ 75.592896017000044, 31.200906055000075 ], [ 75.592796776000057, 31.201477320000038 ], [ 75.591997477000064, 31.201514028000076 ], [ 75.591989431000059, 31.201488791000031 ] ] ] ] } },
{ "type": "Feature", "properties": { "field_id": 333, "field_name": "unburnt_71", "field_category": "unburnt" }, "geometry": { "type": "MultiPolygon", "coordinates": [ [ [ [ 75.588110269000083, 31.196607829000072 ], [ 75.587788404000037, 31.196598652000034 ], [ 75.587756218000038, 31.196254499000077 ], [ 75.587428988000056, 31.196245322000038 ], [ 75.587415577000058, 31.196119132000035 ], [ 75.587155403000054, 31.196137487000044 ], [ 75.58714735600006, 31.196089305000044 ], [ 75.58679062300007, 31.196098483000071 ], [ 75.586774529000081, 31.195846103000065 ], [ 75.587415577000058, 31.195855280000046 ], [ 75.587415577000058, 31.195786449000025 ], [ 75.588118316000077, 31.195811687000059 ], [ 75.588110269000083, 31.196607829000072 ] ] ] ] } },
{ "type": "Feature", "properties": { "field_id": 334, "field_name": "unburnt_72", "field_category": "unburnt" }, "geometry": { "type": "MultiPolygon", "coordinates": [ [ [ [ 75.588826262000055, 31.195842379000055 ], [ 75.588112795000029, 31.195787314000029 ], [ 75.588134252000032, 31.195250431000034 ], [ 75.588815533000059, 31.195287141000051 ], [ 75.588869177000049, 31.195048525000061 ], [ 75.58953973000007, 31.19519077700005 ], [ 75.589496814000029, 31.196388437000053 ], [ 75.588820898000051, 31.196388437000053 ], [ 75.588826262000055, 31.195842379000055 ] ] ] ] } },
{ "type": "Feature", "properties": { "field_id": 335, "field_name": "unburnt_73", "field_category": "unburnt" }, "geometry": { "type": "MultiPolygon", "coordinates": [ [ [ [ 75.589449578000028, 31.194991866000066 ], [ 75.589444214000082, 31.194491688000028 ], [ 75.589556867000056, 31.19444580000004 ], [ 75.589551502000063, 31.19429437000008 ], [ 75.590179139000043, 31.194298959000037 ], [ 75.590189868000039, 31.19444580000004 ], [ 75.59091406400006, 31.194454978000067 ], [ 75.590940887000045, 31.19496433300003 ], [ 75.591622168000072, 31.194987277000052 ], [ 75.591638261000071, 31.19517541700003 ], [ 75.592346364000036, 31.195180006000044 ], [ 75.59233563500004, 31.195629704000055 ], [ 75.592255169000055, 31.195657236000045 ], [ 75.591944033000061, 31.195615937000071 ], [ 75.591616803000079, 31.195505807000075 ], [ 75.590908700000057, 31.195161651000035 ], [ 75.590678030000049, 31.195101997000052 ], [ 75.590350801000056, 31.195010221000075 ], [ 75.590007478000075, 31.195019399000046 ], [ 75.589910918000044, 31.19496433300003 ], [ 75.589685613000029, 31.19493680100004 ], [ 75.589449578000028, 31.194991866000066 ] ] ] ] } },
{ "type": "Feature", "properties": { "field_id": 336, "field_name": "unburnt_74", "field_category": "unburnt" }, "geometry": { "type": "MultiPolygon", "coordinates": [ [ [ [ 75.600788227000066, 31.195509963000063 ], [ 75.600782863000063, 31.194431601000076 ], [ 75.602161518000059, 31.194422423000049 ], [ 75.602209798000047, 31.195069442000033 ], [ 75.602199069000051, 31.195473253000046 ], [ 75.600788227000066, 31.195509963000063 ] ] ] ] } },
{ "type": "Feature", "properties": { "field_id": 337, "field_name": "unburnt_75", "field_category": "unburnt" }, "geometry": { "type": "MultiPolygon", "coordinates": [ [ [ [ 75.604201102000047, 31.197099238000078 ], [ 75.604168916000049, 31.196048426000061 ], [ 75.604662442000063, 31.19602777700004 ], [ 75.604681217000063, 31.196952400000043 ], [ 75.604643667000062, 31.197094649000064 ], [ 75.604201102000047, 31.197099238000078 ] ] ] ] } },
{ "type": "Feature", "properties": { "field_id": 338, "field_name": "unburnt_76", "field_category": "unburnt" }, "geometry": { "type": "MultiPolygon", "coordinates": [ [ [ [ 75.643783647000078, 31.199134423000032 ], [ 75.643752665000079, 31.19862616000006 ], [ 75.644253115000083, 31.198614286000065 ], [ 75.644262337000043, 31.199149654000053 ], [ 75.643783647000078, 31.199134423000032 ] ] ] ] } },
{ "type": "Feature", "properties": { "field_id": 339, "field_name": "unburnt_77", "field_category": "unburnt" }, "geometry": { "type": "MultiPolygon", "coordinates": [ [ [ [ 75.619799525000076, 31.196500245000038 ], [ 75.619786481000062, 31.195475577000025 ], [ 75.62050584900004, 31.195448447000047 ], [ 75.620493198000077, 31.196515232000024 ], [ 75.619799525000076, 31.196500245000038 ] ] ] ] } },
{ "type": "Feature", "properties": { "field_id": 340, "field_name": "unburnt_78", "field_category": "unburnt" }, "geometry": { "type": "MultiPolygon", "coordinates": [ [ [ [ 75.651503908000052, 31.200758847000031 ], [ 75.651494414000069, 31.200179966000064 ], [ 75.652699418000054, 31.200162380000052 ], [ 75.65229458400006, 31.200746624000033 ], [ 75.651503908000052, 31.200758847000031 ] ] ] ] } },
{ "type": "Feature", "properties": { "field_id": 341, "field_name": "unburnt_79", "field_category": "unburnt" }, "geometry": { "type": "MultiPolygon", "coordinates": [ [ [ [ 75.654303527000081, 31.201820547000068 ], [ 75.654269258000056, 31.200729061000061 ], [ 75.654993661000049, 31.200735511000062 ], [ 75.654978091000032, 31.201824814000076 ], [ 75.654303527000081, 31.201820547000068 ] ] ] ] } },
{ "type": "Feature", "properties": { "field_id": 342, "field_name": "unburnt_80", "field_category": "unburnt" }, "geometry": { "type": "MultiPolygon", "coordinates": [ [ [ [ 75.637341416000083, 31.188239449000037 ], [ 75.637337589000083, 31.187930832000063 ], [ 75.637776732000077, 31.187944008000045 ], [ 75.637766800000065, 31.188257570000076 ], [ 75.637341416000083, 31.188239449000037 ] ] ] ] } },
{ "type": "Feature", "properties": { "field_id": 343, "field_name": "unburnt_81", "field_category": "unburnt" }, "geometry": { "type": "MultiPolygon", "coordinates": [ [ [ [ 75.635242897000069, 31.187174354000035 ], [ 75.635293861000036, 31.186878437000075 ], [ 75.635909431000073, 31.186897050000027 ], [ 75.635905047000051, 31.187188004000063 ], [ 75.635242897000069, 31.187174354000035 ] ] ] ] } },
{ "type": "Feature", "properties": { "field_id": 344, "field_name": "unburnt_82", "field_category": "unburnt" }, "geometry": { "type": "MultiPolygon", "coordinates": [ [ [ [ 75.638003673000071, 31.185962325000048 ], [ 75.637987937000048, 31.185555507000061 ], [ 75.638725862000058, 31.185562674000039 ], [ 75.638717488000054, 31.185959108000077 ], [ 75.638003673000071, 31.185962325000048 ] ] ] ] } },
{ "type": "Feature", "properties": { "field_id": 345, "field_name": "unburnt_83", "field_category": "unburnt" }, "geometry": { "type": "MultiPolygon", "coordinates": [ [ [ [ 75.636817083000039, 31.186117419000027 ], [ 75.637972756000067, 31.186084614000038 ], [ 75.638000500000032, 31.18610564200003 ], [ 75.638013614000045, 31.186365542000033 ], [ 75.637357592000058, 31.186669032000054 ], [ 75.636799157000041, 31.186161027000026 ], [ 75.636817083000039, 31.186117419000027 ] ] ] ] } },
{ "type": "Feature", "properties": { "field_id": 346, "field_name": "unburnt_84", "field_category": "unburnt" }, "geometry": { "type": "MultiPolygon", "coordinates": [ [ [ [ 75.630352756000036, 31.206869366000035 ], [ 75.630313976000082, 31.205725451000035 ], [ 75.631772703000081, 31.205697392000047 ], [ 75.631741932000068, 31.206855572000052 ], [ 75.630352756000036, 31.206869366000035 ] ] ] ] } },
{ "type": "Feature", "properties": { "field_id": 347, "field_name": "unburnt_85", "field_category": "unburnt" }, "geometry": { "type": "MultiPolygon", "coordinates": [ [ [ [ 75.603661611000064, 31.202520750000076 ], [ 75.603633066000043, 31.202450017000047 ], [ 75.603629196000043, 31.20222506500005 ], [ 75.604308810000077, 31.202218449000043 ], [ 75.604309762000071, 31.202542165000068 ], [ 75.603661611000064, 31.202520750000076 ] ] ] ] } },
{ "type": "Feature", "properties": { "field_id": 348, "field_name": "unburnt_86", "field_category": "unburnt" }, "geometry": { "type": "MultiPolygon", "coordinates": [ [ [ [ 75.636883922000038, 31.208461949000025 ], [ 75.636915780000038, 31.207932972000037 ], [ 75.638140276000058, 31.207904656000039 ], [ 75.638131545000078, 31.208442246000061 ], [ 75.636883922000038, 31.208461949000025 ] ] ] ] } },
{ "type": "Feature", "properties": { "field_id": 349, "field_name": "unburnt_87", "field_category": "unburnt" }, "geometry": { "type": "MultiPolygon", "coordinates": [ [ [ [ 75.601137240000071, 31.201616892000061 ], [ 75.601003080000055, 31.201203400000054 ], [ 75.601189552000051, 31.201176546000056 ], [ 75.601291383000046, 31.201126704000046 ], [ 75.601550091000036, 31.201112712000054 ], [ 75.601704114000029, 31.201109877000079 ], [ 75.601810518000036, 31.201121880000073 ], [ 75.60200173000004, 31.201139982000029 ], [ 75.602004434000037, 31.201140413000076 ], [ 75.60214036900004, 31.201134935000027 ], [ 75.602215533000049, 31.201127263000046 ], [ 75.602220206000084, 31.200872310000079 ], [ 75.60256031800003, 31.200875592000045 ], [ 75.602554119000047, 31.201440424000054 ], [ 75.602212508000036, 31.201474473000076 ], [ 75.60217324100006, 31.201563629000077 ], [ 75.601572045000069, 31.201611480000054 ], [ 75.601422727000056, 31.201430580000078 ], [ 75.601137240000071, 31.201616892000061 ] ] ] ] } },
{ "type": "Feature", "properties": { "field_id": 350, "field_name": "unburnt_88", "field_category": "unburnt" }, "geometry": { "type": "MultiPolygon", "coordinates": [ [ [ [ 75.818587285000035, 31.317271229000028 ], [ 75.818876444000068, 31.316408878000061 ], [ 75.819473776000052, 31.316573853000079 ], [ 75.819036491000077, 31.31745741900005 ], [ 75.818587285000035, 31.317271229000028 ] ] ] ] } },
{ "type": "Feature", "properties": { "field_id": 351, "field_name": "unburnt_89", "field_category": "unburnt" }, "geometry": { "type": "MultiPolygon", "coordinates": [ [ [ [ 75.817293330000041, 31.316814048000026 ], [ 75.81765566200005, 31.316500388000065 ], [ 75.818054257000028, 31.316633936000073 ], [ 75.818109141000036, 31.316690781000034 ], [ 75.817938321000042, 31.317115014000024 ], [ 75.817293330000041, 31.316814048000026 ] ] ] ] } },
{ "type": "Feature", "properties": { "field_id": 352, "field_name": "unburnt_90", "field_category": "unburnt" }, "geometry": { "type": "MultiPolygon", "coordinates": [ [ [ [ 75.815856205000046, 31.310804737000069 ], [ 75.815894588000049, 31.309797554000056 ], [ 75.816662807000057, 31.309801926000034 ], [ 75.816706975000045, 31.310786273000076 ], [ 75.815856205000046, 31.310804737000069 ] ] ] ] } },
{ "type": "Feature", "properties": { "field_id": 353, "field_name": "unburnt_91", "field_category": "unburnt" }, "geometry": { "type": "MultiPolygon", "coordinates": [ [ [ [ 75.752320653000083, 31.373492810000073 ], [ 75.75231511100003, 31.372955134000051 ], [ 75.752999035000073, 31.372962525000048 ], [ 75.753005247000033, 31.373474867000027 ], [ 75.752320653000083, 31.373492810000073 ] ] ] ] } },
{ "type": "Feature", "properties": { "field_id": 354, "field_name": "unburnt_92", "field_category": "unburnt" }, "geometry": { "type": "MultiPolygon", "coordinates": [ [ [ [ 75.752614627000071, 31.364438710000059 ], [ 75.752572871000041, 31.363780718000044 ], [ 75.753158919000043, 31.363776361000077 ], [ 75.753202655000052, 31.36443084800004 ], [ 75.752614627000071, 31.364438710000059 ] ] ] ] } },
{ "type": "Feature", "properties": { "field_id": 355, "field_name": "unburnt_93", "field_category": "unburnt" }, "geometry": { "type": "MultiPolygon", "coordinates": [ [ [ [ 75.825538684000037, 31.314008845000046 ], [ 75.825703849000035, 31.313544753000031 ], [ 75.826421267000057, 31.313777190000053 ], [ 75.826117069000077, 31.314189320000025 ], [ 75.825538684000037, 31.314008845000046 ] ] ] ] } },
{ "type": "Feature", "properties": { "field_id": 356, "field_name": "unburnt_94", "field_category": "unburnt" }, "geometry": { "type": "MultiPolygon", "coordinates": [ [ [ [ 75.61976584100006, 31.19159339600003 ], [ 75.619783918000053, 31.191092832000038 ], [ 75.620445987000039, 31.191096415000061 ], [ 75.620437530000061, 31.191598311000064 ], [ 75.61976584100006, 31.19159339600003 ] ] ] ] } },
{ "type": "Feature", "properties": { "field_id": 357, "field_name": "unburnt_95", "field_category": "unburnt" }, "geometry": { "type": "MultiPolygon", "coordinates": [ [ [ [ 75.617004805000079, 31.191600831000073 ], [ 75.61699057800007, 31.191102676000071 ], [ 75.617712984000036, 31.191106040000079 ], [ 75.617678372000057, 31.191456652000056 ], [ 75.61755531600005, 31.191463717000033 ], [ 75.61754200300004, 31.191463866000049 ], [ 75.617525862000036, 31.191465234000077 ], [ 75.617510972000048, 31.191612277000047 ], [ 75.617004805000079, 31.191600831000073 ] ] ] ] } }
]
}
